company_name,stock_code,corp_code,fiscal_year,esg_year,rcept_no,report_nm,rcept_dt,selection_priority,section_chars_II,section_chars_IV,section_chars_VI,total_chars,viewer_url,status,reason
삼성전자,005930,00126380,2022,2023,20230307000542,사업보고서 (2022.12),20230307,0,24412,12261,5202,41877,https://dart.fss.or.kr/dsaf001/main.do?rcpNo=20230307000542,SUCCESS,
삼성전자,005930,00126380,2023,2024,20240312000736,사업보고서 (2023.12),20240312,0,25756,11972,5445,43175,https://dart.fss.or.kr/dsaf001/main.do?rcpNo=20240312000736,SUCCESS,
삼성전자,005930,00126380,2024,2025,20250311001085,사업보고서 (2024.12),20250311,0,26264,10863,5453,42582,https://dart.fss.or.kr/dsaf001/main.do?rcpNo=20250311001085,SUCCESS,
BYC,001460,00122579,2022,2023,20230316001312,사업보고서 (2022.12),20230316,0,4129,2555,2141,8827,https://dart.fss.or.kr/dsaf001/main.do?rcpNo=20230316001312,SUCCESS,
BYC,001460,00122579,2023,2024,20240314001341,사업보고서 (2023.12),20240314,0,3277,2318,2102,7699,https://dart.fss.or.kr/dsaf001/main.do?rcpNo=20240314001341,SUCCESS,
BYC,001460,00122579,2024,2025,20250320001026,사업보고서 (2024.12),20250320,0,5199,2281,2119,9601,https://dart.fss.or.kr/dsaf001/main.do?rcpNo=20250320001026,SUCCESS,
현대자동차,005380,00164742,2022,2023,20230315001030,사업보고서 (2022.12),20230315,0,44377,9585,6776,60740,https://dart.fss.or.kr/dsaf001/main.do?rcpNo=20230315001030,SUCCESS,
현대자동차,005380,00164742,2023,2024,20240313001451,사업보고서 (2023.12),20240313,0,42998,10427,7035,60462,https://dart.fss.or.kr/dsaf001/main.do?rcpNo=20240313001451,SUCCESS,
현대자동차,005380,00164742,2024,2025,20250312001148,사업보고서 (2024.12),20250312,0,38016,12545,7096,57659,https://dart.fss.or.kr/dsaf001/main.do?rcpNo=20250312001148,SUCCESS,
CJ대한통운,000120,00113410,2022,2023,20230317000857,사업보고서 (2022.12),20230317,0,16948,8303,3451,28704,https://dart.fss.or.kr/dsaf001/main.do?rcpNo=20230317000857,SUCCESS,
CJ대한통운,000120,00113410,2023,2024,20240315000705,사업보고서 (2023.12),20240315,0,16813,8244,3458,28517,https://dart.fss.or.kr/dsaf001/main.do?rcpNo=20240315000705,SUCCESS,
CJ대한통운,000120,00113410,2024,2025,20250317000953,사업보고서 (2024.12),20250317,0,16571,6134,3479,26186,https://dart.fss.or.kr/dsaf001/main.do?rcpNo=20250317000953,SUCCESS,
CJ제일제당,097950,00635134,2022,2023,20230320000712,사업보고서 (2022.12),20230320,0,24280,9858,3428,37568,https://dart.fss.or.kr/dsaf001/main.do?rcpNo=20230320000712,SUCCESS,
CJ제일제당,097950,00635134,2023,2024,20240319000861,사업보고서 (2023.12),20240319,0,26527,22391,4905,53825,https://dart.fss.or.kr/dsaf001/main.do?rcpNo=20240319000861,SUCCESS,
CJ제일제당,097950,00635134,2024,2025,20250317000648,사업보고서 (2024.12),20250317,0,24873,20051,3842,48768,https://dart.fss.or.kr/dsaf001/main.do?rcpNo=20250317000648,SUCCESS,
CJ,001040,00148540,2022,2023,20230321001305,사업보고서 (2022.12),20230321,0,86421,54105,4082,144610,https://dart.fss.or.kr/dsaf001/main.do?rcpNo=20230321001305,SUCCESS,
CJ,001040,00148540,2023,2024,20240320001996,사업보고서 (2023.12),20240320,0,89854,71513,3606,164975,https://dart.fss.or.kr/dsaf001/main.do?rcpNo=20240320001996,SUCCESS,
CJ,001040,00148540,2024,2025,20250318001349,사업보고서 (2024.12),20250318,0,86920,66705,3899,157526,https://dart.fss.or.kr/dsaf001/main.do?rcpNo=20250318001349,SUCCESS,
CJ ENM,035760,00265324,2022,2023,20230320000724,사업보고서 (2022.12),20230320,0,24602,6214,2627,33445,https://dart.fss.or.kr/dsaf001/main.do?rcpNo=20230320000724,SUCCESS,
CJ ENM,035760,00265324,2023,2024,20240318000857,사업보고서 (2023.12),20240318,0,27683,8113,2625,38423,https://dart.fss.or.kr/dsaf001/main.do?rcpNo=20240318000857,SUCCESS,
CJ ENM,035760,00265324,2024,2025,20250319000884,사업보고서 (2024.12),20250319,0,29443,7693,2808,39946,https://dart.fss.or.kr/dsaf001/main.do?rcpNo=20250319000884,SUCCESS,
BGF리테일,282330,01263022,2022,2023,20230320000886,사업보고서 (2022.12),20230320,0,11748,10899,3693,26342,https://dart.fss.or.kr/dsaf001/main.do?rcpNo=20230320000886,SUCCESS,
BGF리테일,282330,01263022,2023,2024,20240313001437,사업보고서 (2023.12),20240313,0,12086,10544,3904,26536,https://dart.fss.or.kr/dsaf001/main.do?rcpNo=20240313001437,SUCCESS,
BGF리테일,282330,01263022,2024,2025,20250318000733,사업보고서 (2024.12),20250318,0,18956,10847,3330,33135,https://dart.fss.or.kr/dsaf001/main.do?rcpNo=20250318000733,SUCCESS,
CJ프레시웨이,051500,00127954,2022,2023,20230317000800,사업보고서 (2022.12),20230317,0,8026,5936,2160,16124,https://dart.fss.or.kr/dsaf001/main.do?rcpNo=20230317000800,SUCCESS,
CJ프레시웨이,051500,00127954,2023,2024,20240320001012,사업보고서 (2023.12),20240320,0,8556,5581,2157,16296,https://dart.fss.or.kr/dsaf001/main.do?rcpNo=20240320001012,SUCCESS,
CJ프레시웨이,051500,00127954,2024,2025,20250320000745,사업보고서 (2024.12),20250320,0,8278,5118,2284,15682,https://dart.fss.or.kr/dsaf001/main.do?rcpNo=20250320000745,SUCCESS,
SK하이닉스,000660,00164779,2022,2023,20230321001209,사업보고서 (2022.12),20230321,0,26056,9035,6594,41687,https://dart.fss.or.kr/dsaf001/main.do?rcpNo=20230321001209,SUCCESS,
SK하이닉스,000660,00164779,2023,2024,20240319000684,사업보고서 (2023.12),20240319,0,27763,8268,5705,41738,https://dart.fss.or.kr/dsaf001/main.do?rcpNo=20240319000684,SUCCESS,
SK하이닉스,000660,00164779,2024,2025,20250319000665,사업보고서 (2024.12),20250319,0,25114,7172,5746,38034,https://dart.fss.or.kr/dsaf001/main.do?rcpNo=20250319000665,SUCCESS,
NAVER,035420,00266961,2022,2023,20230314001049,사업보고서 (2022.12),20230314,0,37549,9419,3292,50262,https://dart.fss.or.kr/dsaf001/main.do?rcpNo=20230314001049,SUCCESS,
NAVER,035420,00266961,2023,2024,20240318000844,사업보고서 (2023.12),20240318,0,39087,8853,3077,51019,https://dart.fss.or.kr/dsaf001/main.do?rcpNo=20240318000844,SUCCESS,
NAVER,035420,00266961,2024,2025,20250318000645,사업보고서 (2024.12),20250318,0,32221,9401,3123,44747,https://dart.fss.or.kr/dsaf001/main.do?rcpNo=20250318000645,SUCCESS,
카카오,035720,00258801,2022,2023,20230320001096,사업보고서 (2022.12),20230320,0,29386,8032,4366,41786,https://dart.fss.or.kr/dsaf001/main.do?rcpNo=20230320001096,SUCCESS,
카카오,035720,00258801,2023,2024,20240320002039,사업보고서 (2023.12),20240320,0,36888,8658,5360,50908,https://dart.fss.or.kr/dsaf001/main.do?rcpNo=20240320002039,SUCCESS,
카카오,035720,00258801,2024,2025,20250318001297,사업보고서 (2024.12),20250318,0,34586,6569,5647,46804,https://dart.fss.or.kr/dsaf001/main.do?rcpNo=20250318001297,SUCCESS,
엔씨소프트,036570,00261443,2022,2023,20230321001334,사업보고서 (2022.12),20230321,0,10179,5625,2921,18727,https://dart.fss.or.kr/dsaf001/main.do?rcpNo=20230321001334,SUCCESS,
엔씨소프트,036570,00261443,2023,2024,20240320001965,사업보고서 (2023.12),20240320,0,12744,5941,2932,21619,https://dart.fss.or.kr/dsaf001/main.do?rcpNo=20240320001965,SUCCESS,
엔씨소프트,036570,00261443,2024,2025,20250318001264,사업보고서 (2024.12),20250318,0,14061,5636,2732,22431,https://dart.fss.or.kr/dsaf001/main.do?rcpNo=20250318001264,SUCCESS,
삼성에스디에스,018260,00126186,2022,2023,20230307000606,사업보고서 (2022.12),20230307,0,17994,8286,2880,29162,https://dart.fss.or.kr/dsaf001/main.do?rcpNo=20230307000606,SUCCESS,
삼성에스디에스,018260,00126186,2023,2024,20240312000879,사업보고서 (2023.12),20240312,0,18447,7400,3623,29472,https://dart.fss.or.kr/dsaf001/main.do?rcpNo=20240312000879,SUCCESS,
삼성에스디에스,018260,00126186,2024,2025,20250311001129,사업보고서 (2024.12),20250311,0,18043,7780,3359,29184,https://dart.fss.or.kr/dsaf001/main.do?rcpNo=20250311001129,SUCCESS,
셀트리온,068270,00413046,2022,2023,20230320000842,사업보고서 (2022.12),20230320,0,29630,10589,2805,43026,https://dart.fss.or.kr/dsaf001/main.do?rcpNo=20230320000842,SUCCESS,
셀트리온,068270,00413046,2023,2024,20240318000913,사업보고서 (2023.12),20240318,0,33091,11033,2801,46927,https://dart.fss.or.kr/dsaf001/main.do?rcpNo=20240318000913,SUCCESS,
셀트리온,068270,00413046,2024,2025,20250317000929,사업보고서 (2024.12),20250317,0,31448,12364,2521,46335,https://dart.fss.or.kr/dsaf001/main.do?rcpNo=20250317000929,SUCCESS,
POSCO홀딩스,005490,00155319,2022,2023,20230309000896,사업보고서 (2022.12),20230309,0,79339,102401,5169,186911,https://dart.fss.or.kr/dsaf001/main.do?rcpNo=20230309000896,SUCCESS,
POSCO홀딩스,005490,00155319,2023,2024,20240313001646,사업보고서 (2023.12),20240313,0,78419,99220,4628,182269,https://dart.fss.or.kr/dsaf001/main.do?rcpNo=20240313001646,SUCCESS,
POSCO홀딩스,005490,00155319,2024,2025,20250312001016,사업보고서 (2024.12),20250312,0,73974,92711,5055,171742,https://dart.fss.or.kr/dsaf001/main.do?rcpNo=20250312001016,SUCCESS,
LG화학,051910,00356361,2022,2023,20230320000692,사업보고서 (2022.12),20230320,0,25095,9715,3384,38196,https://dart.fss.or.kr/dsaf001/main.do?rcpNo=20230320000692,SUCCESS,
LG화학,051910,00356361,2023,2024,20240315000957,사업보고서 (2023.12),20240315,0,25156,10234,3327,38719,https://dart.fss.or.kr/dsaf001/main.do?rcpNo=20240315000957,SUCCESS,
LG화학,051910,00356361,2024,2025,20250314000996,사업보고서 (2024.12),20250314,0,25101,10846,3213,39162,https://dart.fss.or.kr/dsaf001/main.do?rcpNo=20250314000996,SUCCESS,
SK이노베이션,096770,00631518,2022,2023,20230322000906,사업보고서 (2022.12),20230322,0,46189,49496,4545,100232,https://dart.fss.or.kr/dsaf001/main.do?rcpNo=20230322000906,SUCCESS,
SK이노베이션,096770,00631518,2023,2024,20240320000950,사업보고서 (2023.12),20240320,0,46874,59515,4747,111138,https://dart.fss.or.kr/dsaf001/main.do?rcpNo=20240320000950,SUCCESS,
SK이노베이션,096770,00631518,2024,2025,20250318000862,사업보고서 (2024.12),20250318,0,67388,57406,5178,129974,https://dart.fss.or.kr/dsaf001/main.do?rcpNo=20250318000862,SUCCESS,
롯데케미칼,011170,00165413,2022,2023,20230321001238,사업보고서 (2022.12),20230321,0,25745,9383,2713,37843,https://dart.fss.or.kr/dsaf001/main.do?rcpNo=20230321001238,SUCCESS,
롯데케미칼,011170,00165413,2023,2024,20240318000951,사업보고서 (2023.12),20240318,0,29596,8552,2582,40732,https://dart.fss.or.kr/dsaf001/main.do?rcpNo=20240318000951,SUCCESS,
롯데케미칼,011170,00165413,2024,2025,20250317000991,사업보고서 (2024.12),20250317,0,31752,8775,2912,43441,https://dart.fss.or.kr/dsaf001/main.do?rcpNo=20250317000991,SUCCESS,
고려아연,010130,00102858,2022,2023,20230309000731,사업보고서 (2022.12),20230309,0,25470,2360,3610,31442,https://dart.fss.or.kr/dsaf001/main.do?rcpNo=20230309000731,SUCCESS,
고려아연,010130,00102858,2023,2024,20240311000892,사업보고서 (2023.12),20240311,0,30553,2479,4369,37403,https://dart.fss.or.kr/dsaf001/main.do?rcpNo=20240311000892,SUCCESS,
고려아연,010130,00102858,2024,2025,20250320001542,사업보고서 (2024.12),20250320,0,32880,3180,6742,42804,https://dart.fss.or.kr/dsaf001/main.do?rcpNo=20250320001542,SUCCESS,
S-Oil,010950,00138279,2022,2023,20230320000502,사업보고서 (2022.12),20230320,0,20472,10293,4344,35111,https://dart.fss.or.kr/dsaf001/main.do?rcpNo=20230320000502,SUCCESS,
S-Oil,010950,00138279,2023,2024,20240320001242,사업보고서 (2023.12),20240320,0,20733,9663,4182,34580,https://dart.fss.or.kr/dsaf001/main.do?rcpNo=20240320001242,SUCCESS,
S-Oil,010950,00138279,2024,2025,20250319000503,사업보고서 (2024.12),20250319,0,21735,10389,4274,36400,https://dart.fss.or.kr/dsaf001/main.do?rcpNo=20250319000503,SUCCESS,
하나금융지주,086790,00547583,2022,2023,20230316001364,사업보고서 (2022.12),20230316,0,54348,28081,3252,85683,https://dart.fss.or.kr/dsaf001/main.do?rcpNo=20230316001364,SUCCESS,
하나금융지주,086790,00547583,2023,2024,20240314001628,사업보고서 (2023.12),20240314,0,57536,27223,3710,88471,https://dart.fss.or.kr/dsaf001/main.do?rcpNo=20240314001628,SUCCESS,
하나금융지주,086790,00547583,2024,2025,20250317000894,사업보고서 (2024.12),20250317,0,59687,26394,3834,89917,https://dart.fss.or.kr/dsaf001/main.do?rcpNo=20250317000894,SUCCESS,
신한지주,055550,00382199,2022,2023,20230315001015,사업보고서 (2022.12),20230315,0,58376,45338,3925,107641,https://dart.fss.or.kr/dsaf001/main.do?rcpNo=20230315001015,SUCCESS,
신한지주,055550,00382199,2023,2024,20240318000635,사업보고서 (2023.12),20240318,0,60011,47667,3210,110890,https://dart.fss.or.kr/dsaf001/main.do?rcpNo=20240318000635,SUCCESS,
신한지주,055550,00382199,2024,2025,20250318000993,사업보고서 (2024.12),20250318,0,57006,47577,3309,107894,https://dart.fss.or.kr/dsaf001/main.do?rcpNo=20250318000993,SUCCESS,
KB금융지주,105560,00688996,2022,2023,20230316001417,사업보고서 (2022.12),20230316,0,71403,33818,5338,110561,https://dart.fss.or.kr/dsaf001/main.do?rcpNo=20230316001417,SUCCESS,
KB금융,105560,00688996,2023,2024,20240314001585,사업보고서 (2023.12),20240314,0,66712,30764,6121,103599,https://dart.fss.or.kr/dsaf001/main.do?rcpNo=20240314001585,SUCCESS,
KB금융,105560,00688996,2024,2025,20250314001704,사업보고서 (2024.12),20250314,0,71072,32056,6445,109575,https://dart.fss.or.kr/dsaf001/main.do?rcpNo=20250314001704,SUCCESS,
우리금융지주,316140,01350869,2022,2023,20230316001455,사업보고서 (2022.12),20230316,0,51360,39744,5221,96327,https://dart.fss.or.kr/dsaf001/main.do?rcpNo=20230316001455,SUCCESS,
우리금융지주,316140,01350869,2023,2024,20240314001383,사업보고서 (2023.12),20240314,0,56221,42491,5362,104076,https://dart.fss.or.kr/dsaf001/main.do?rcpNo=20240314001383,SUCCESS,
우리금융지주,316140,01350869,2024,2025,20250318001196,사업보고서 (2024.12),20250318,0,59003,40747,5158,104910,https://dart.fss.or.kr/dsaf001/main.do?rcpNo=20250318001196,SUCCESS,
BNK금융지주,138930,00858364,2022,2023,20230309000759,사업보고서 (2022.12),20230309,0,31900,30240,6348,68490,https://dart.fss.or.kr/dsaf001/main.do?rcpNo=20230309000759,SUCCESS,
BNK금융지주,138930,00858364,2023,2024,20240314001564,사업보고서 (2023.12),20240314,0,31795,32748,5747,70292,https://dart.fss.or.kr/dsaf001/main.do?rcpNo=20240314001564,SUCCESS,
BNK금융지주,138930,00858364,2024,2025,20250318001176,사업보고서 (2024.12),20250318,0,25846,30886,4702,61436,https://dart.fss.or.kr/dsaf001/main.do?rcpNo=20250318001176,SUCCESS,
기업은행,024110,00149646,2022,2023,20230315001098,사업보고서 (2022.12),20230315,0,9726,20757,4261,34746,https://dart.fss.or.kr/dsaf001/main.do?rcpNo=20230315001098,SUCCESS,
기업은행,024110,00149646,2023,2024,20240318000636,사업보고서 (2023.12),20240318,0,10745,20339,4688,35774,https://dart.fss.or.kr/dsaf001/main.do?rcpNo=20240318000636,SUCCESS,
기업은행,024110,00149646,2024,2025,20250318001325,사업보고서 (2024.12),20250318,0,8462,19241,4175,31880,https://dart.fss.or.kr/dsaf001/main.do?rcpNo=20250318001325,SUCCESS,
동아쏘시오홀딩스,000640,00116824,2022,2023,20230321001017,사업보고서 (2022.12),20230321,0,15144,9821,2009,26976,https://dart.fss.or.kr/dsaf001/main.do?rcpNo=20230321001017,SUCCESS,
동아쏘시오홀딩스,000640,00116824,2023,2024,20240320001846,사업보고서 (2023.12),20240320,0,15195,10781,1619,27597,https://dart.fss.or.kr/dsaf001/main.do?rcpNo=20240320001846,SUCCESS,
동아쏘시오홀딩스,000640,00116824,2024,2025,20250321001899,사업보고서 (2024.12),20250321,0,15895,8226,1664,25787,https://dart.fss.or.kr/dsaf001/main.do?rcpNo=20250321001899,SUCCESS,
SK네트웍스,001740,00131780,2022,2023,20230321001119,사업보고서 (2022.12),20230321,0,28093,9344,2197,39636,https://dart.fss.or.kr/dsaf001/main.do?rcpNo=20230321001119,SUCCESS,
SK네트웍스,001740,00131780,2023,2024,20240319000871,사업보고서 (2023.12),20240319,0,25691,14160,2700,42553,https://dart.fss.or.kr/dsaf001/main.do?rcpNo=20240319000871,SUCCESS,
SK네트웍스,001740,00131780,2024,2025,20250318000975,사업보고서 (2024.12),20250318,0,23424,12260,3597,39283,https://dart.fss.or.kr/dsaf001/main.do?rcpNo=20250318000975,SUCCESS,
아모레퍼시픽홀딩스,002790,00154462,2022,2023,20230309000832,사업보고서 (2022.12),20230309,0,39178,10541,3641,53362,https://dart.fss.or.kr/dsaf001/main.do?rcpNo=20230309000832,SUCCESS,
아모레퍼시픽홀딩스,002790,00154462,2023,2024,20240307000584,사업보고서 (2023.12),20240307,0,21529,10168,4122,35821,https://dart.fss.or.kr/dsaf001/main.do?rcpNo=20240307000584,SUCCESS,
아모레퍼시픽홀딩스,002790,00154462,2024,2025,20250317000463,사업보고서 (2024.12),20250317,0,19393,10582,3511,33488,https://dart.fss.or.kr/dsaf001/main.do?rcpNo=20250317000463,SUCCESS,
포스코케미칼,003670,00155276,2022,2023,20230309000498,사업보고서 (2022.12),20230309,0,19143,21839,3606,44590,https://dart.fss.or.kr/dsaf001/main.do?rcpNo=20230309000498,SUCCESS,
포스코퓨처엠,003670,00155276,2023,2024,20240315000859,사업보고서 (2023.12),20240315,0,19713,12076,3428,35219,https://dart.fss.or.kr/dsaf001/main.do?rcpNo=20240315000859,SUCCESS,
포스코퓨처엠,003670,00155276,2024,2025,20250314000603,사업보고서 (2024.12),20250314,0,14767,10236,3595,28600,https://dart.fss.or.kr/dsaf001/main.do?rcpNo=20250314000603,SUCCESS,
삼성SDI,006400,00126362,2022,2023,20230307000558,사업보고서 (2022.12),20230307,0,12971,6862,9376,29211,https://dart.fss.or.kr/dsaf001/main.do?rcpNo=20230307000558,SUCCESS,
삼성SDI,006400,00126362,2023,2024,20240312000853,사업보고서 (2023.12),20240312,0,12660,8364,10409,31435,https://dart.fss.or.kr/dsaf001/main.do?rcpNo=20240312000853,SUCCESS,
삼성SDI,006400,00126362,2024,2025,20250311001275,사업보고서 (2024.12),20250311,0,13587,15505,8764,37858,https://dart.fss.or.kr/dsaf001/main.do?rcpNo=20250311001275,SUCCESS,
GS리테일,007070,00140177,2022,2023,20230315001215,사업보고서 (2022.12),20230315,0,42111,11840,5269,59222,https://dart.fss.or.kr/dsaf001/main.do?rcpNo=20230315001215,SUCCESS,
GS리테일,007070,00140177,2023,2024,20240313001562,사업보고서 (2023.12),20240313,0,38852,10967,4381,54202,https://dart.fss.or.kr/dsaf001/main.do?rcpNo=20240313001562,SUCCESS,
GS리테일,007070,00140177,2024,2025,20250312000991,사업보고서 (2024.12),20250312,0,33216,9453,4547,47218,https://dart.fss.or.kr/dsaf001/main.do?rcpNo=20250312000991,SUCCESS,
현대위아,011210,00106623,2022,2023,20230314000727,사업보고서 (2022.12),20230314,0,22042,5217,3670,30931,https://dart.fss.or.kr/dsaf001/main.do?rcpNo=20230314000727,SUCCESS,
현대위아,011210,00106623,2023,2024,20240320001675,사업보고서 (2023.12),20240320,0,24022,4545,3363,31932,https://dart.fss.or.kr/dsaf001/main.do?rcpNo=20240320001675,SUCCESS,
현대위아,011210,00106623,2024,2025,20250311001283,사업보고서 (2024.12),20250311,0,24665,4661,3054,32382,https://dart.fss.or.kr/dsaf001/main.do?rcpNo=20250311001283,SUCCESS,
HL D&I,014790,00161116,2022,2023,20230315001407,사업보고서 (2022.12),20230315,0,14830,5023,1415,21270,https://dart.fss.or.kr/dsaf001/main.do?rcpNo=20230315001407,SUCCESS,
HL D&I,014790,00161116,2023,2024,20240318000780,사업보고서 (2023.12),20240318,0,14143,5259,1445,20849,https://dart.fss.or.kr/dsaf001/main.do?rcpNo=20240318000780,SUCCESS,
HL D&I,014790,00161116,2024,2025,20250317000836,사업보고서 (2024.12),20250317,0,15475,2831,1635,19943,https://dart.fss.or.kr/dsaf001/main.do?rcpNo=20250317000836,SUCCESS,
케이티,030200,00190321,2022,2023,20230323001449,사업보고서 (2022.12),20230323,0,81283,14696,5300,101281,https://dart.fss.or.kr/dsaf001/main.do?rcpNo=20230323001449,SUCCESS,
케이티,030200,00190321,2023,2024,20240320001386,사업보고서 (2023.12),20240320,0,82307,13834,6492,102635,https://dart.fss.or.kr/dsaf001/main.do?rcpNo=20240320001386,SUCCESS,
케이티,030200,00190321,2024,2025,20250321001834,사업보고서 (2024.12),20250321,0,72351,13020,3744,89117,https://dart.fss.or.kr/dsaf001/main.do?rcpNo=20250321001834,SUCCESS,
현대두산인프라코어,042670,00344287,2022,2023,20230317000838,사업보고서 (2022.12),20230317,0,19382,6209,6659,32252,https://dart.fss.or.kr/dsaf001/main.do?rcpNo=20230317000838,SUCCESS,
HD현대인프라코어,042670,00344287,2023,2024,20240315000865,사업보고서 (2023.12),20240315,0,18122,5070,6592,29786,https://dart.fss.or.kr/dsaf001/main.do?rcpNo=20240315000865,SUCCESS,
HD현대인프라코어,042670,00344287,2024,2025,20250317000883,사업보고서 (2024.12),20250317,0,16705,4624,7203,28534,https://dart.fss.or.kr/dsaf001/main.do?rcpNo=20250317000883,SUCCESS,
현대홈쇼핑,057050,00412597,2022,2023,20230315001376,사업보고서 (2022.12),20230315,0,22306,6092,3752,32152,https://dart.fss.or.kr/dsaf001/main.do?rcpNo=20230315001376,SUCCESS,
현대홈쇼핑,057050,00412597,2023,2024,20240315000790,사업보고서 (2023.12),20240315,0,42170,7001,4345,53518,https://dart.fss.or.kr/dsaf001/main.do?rcpNo=20240315000790,SUCCESS,
현대홈쇼핑,057050,00412597,2024,2025,20250317000550,사업보고서 (2024.12),20250317,0,44513,9089,4698,58302,https://dart.fss.or.kr/dsaf001/main.do?rcpNo=20250317000550,SUCCESS,
현대로템,064350,00302926,2022,2023,20230310001083,사업보고서 (2022.12),20230310,0,21934,4448,3313,29697,https://dart.fss.or.kr/dsaf001/main.do?rcpNo=20230310001083,SUCCESS,
현대로템,064350,00302926,2023,2024,20240320000873,사업보고서 (2023.12),20240320,0,22128,4476,3204,29810,https://dart.fss.or.kr/dsaf001/main.do?rcpNo=20240320000873,SUCCESS,
현대로템,064350,00302926,2024,2025,20250318000847,사업보고서 (2024.12),20250318,0,24399,4702,3155,32258,https://dart.fss.or.kr/dsaf001/main.do?rcpNo=20250318000847,SUCCESS,
삼양홀딩스,000070,00126937,2022,2023,20230316001063,사업보고서 (2022.12),20230316,0,25279,5831,1254,32366,https://dart.fss.or.kr/dsaf001/main.do?rcpNo=20230316001063,SUCCESS,
삼양홀딩스,000070,00126937,2023,2024,20240314001491,사업보고서 (2023.12),20240314,0,25437,5986,1035,32460,https://dart.fss.or.kr/dsaf001/main.do?rcpNo=20240314001491,SUCCESS,
삼양홀딩스,000070,00126937,2024,2025,20250320000941,사업보고서 (2024.12),20250320,0,25418,5966,1047,32433,https://dart.fss.or.kr/dsaf001/main.do?rcpNo=20250320000941,SUCCESS,
유한양행,000100,00145109,2022,2023,20230315001431,사업보고서 (2022.12),20230315,0,11140,30678,2820,44640,https://dart.fss.or.kr/dsaf001/main.do?rcpNo=20230315001431,SUCCESS,
유한양행,000100,00145109,2023,2024,20240307000960,사업보고서 (2023.12),20240307,0,11254,31231,2566,45053,https://dart.fss.or.kr/dsaf001/main.do?rcpNo=20240307000960,SUCCESS,
유한양행,000100,00145109,2024,2025,20250312001137,사업보고서 (2024.12),20250312,0,14455,29971,2879,47307,https://dart.fss.or.kr/dsaf001/main.do?rcpNo=20250312001137,SUCCESS,
두산,000150,00117212,2022,2023,20230321001440,사업보고서 (2022.12),20230321,0,73853,15184,2466,91505,https://dart.fss.or.kr/dsaf001/main.do?rcpNo=20230321001440,SUCCESS,
두산,000150,00117212,2023,2024,20240320001953,사업보고서 (2023.12),20240320,0,89685,15025,2311,107023,https://dart.fss.or.kr/dsaf001/main.do?rcpNo=20240320001953,SUCCESS,
두산,000150,00117212,2024,2025,20250321001806,사업보고서 (2024.12),20250321,0,89688,13137,2246,105073,https://dart.fss.or.kr/dsaf001/main.do?rcpNo=20250321001806,SUCCESS,
DL,000210,00109693,2022,2023,20230317000003,사업보고서 (2022.12),20230317,0,52364,13680,2600,68646,https://dart.fss.or.kr/dsaf001/main.do?rcpNo=20230317000003,SUCCESS,
DL,000210,00109693,2023,2024,20240314001785,사업보고서 (2023.12),20240314,0,56088,14813,2349,73252,https://dart.fss.or.kr/dsaf001/main.do?rcpNo=20240314001785,SUCCESS,
DL,000210,00109693,2024,2025,20250317000751,사업보고서 (2024.12),20250317,0,55077,13983,2250,71312,https://dart.fss.or.kr/dsaf001/main.do?rcpNo=20250317000751,SUCCESS,
기아,000270,00106641,2022,2023,20230309000734,사업보고서 (2022.12),20230309,0,24485,11596,3218,39301,https://dart.fss.or.kr/dsaf001/main.do?rcpNo=20230309000734,SUCCESS,
기아,000270,00106641,2023,2024,20240307000911,사업보고서 (2023.12),20240307,0,21990,8364,3342,33698,https://dart.fss.or.kr/dsaf001/main.do?rcpNo=20240307000911,SUCCESS,
기아,000270,00106641,2024,2025,20250306000691,사업보고서 (2024.12),20250306,0,22298,7951,3522,33773,https://dart.fss.or.kr/dsaf001/main.do?rcpNo=20250306000691,SUCCESS,
노루홀딩스,000320,00113508,2022,2023,20230316001033,사업보고서 (2022.12),20230316,0,20982,5774,1640,28398,https://dart.fss.or.kr/dsaf001/main.do?rcpNo=20230316001033,SUCCESS,
노루홀딩스,000320,00113508,2023,2024,20240321001014,사업보고서 (2023.12),20240321,0,18707,5392,1638,25739,https://dart.fss.or.kr/dsaf001/main.do?rcpNo=20240321001014,SUCCESS,
노루홀딩스,000320,00113508,2024,2025,20250313001148,[첨부추가]사업보고서 (2024.12),20250313,0,20109,5340,1525,26976,https://dart.fss.or.kr/dsaf001/main.do?rcpNo=20250313001148,SUCCESS,
한화손해보험,000370,00135917,2022,2023,20230314001218,사업보고서 (2022.12),20230314,0,9385,10580,3774,23741,https://dart.fss.or.kr/dsaf001/main.do?rcpNo=20230314001218,SUCCESS,
한화손해보험,000370,00135917,2023,2024,20240313000997,사업보고서 (2023.12),20240313,0,9401,5982,4394,19779,https://dart.fss.or.kr/dsaf001/main.do?rcpNo=20240313000997,SUCCESS,
한화손해보험,000370,00135917,2024,2025,20250311001216,사업보고서 (2024.12),20250311,0,9347,5907,3377,18633,https://dart.fss.or.kr/dsaf001/main.do?rcpNo=20250311001216,SUCCESS,
현대건설,000720,00164478,2022,2023,20230315001104,사업보고서 (2022.12),20230315,0,19792,9283,2933,32010,https://dart.fss.or.kr/dsaf001/main.do?rcpNo=20230315001104,SUCCESS,
현대건설,000720,00164478,2023,2024,20240313001698,사업보고서 (2023.12),20240313,0,20446,11232,2666,34346,https://dart.fss.or.kr/dsaf001/main.do?rcpNo=20240313001698,SUCCESS,
현대건설,000720,00164478,2024,2025,20250312001136,사업보고서 (2024.12),20250312,0,21973,8989,2627,33591,https://dart.fss.or.kr/dsaf001/main.do?rcpNo=20250312001136,SUCCESS,
LX인터내셔널,001120,00120076,2022,2023,20230315000850,사업보고서 (2022.12),20230315,0,13807,24577,4400,42786,https://dart.fss.or.kr/dsaf001/main.do?rcpNo=20230315000850,SUCCESS,
LX인터내셔널,001120,00120076,2023,2024,20240313001808,사업보고서 (2023.12),20240313,0,16252,24883,4508,45645,https://dart.fss.or.kr/dsaf001/main.do?rcpNo=20240313001808,SUCCESS,
LX인터내셔널,001120,00120076,2024,2025,20250320000626,사업보고서 (2024.12),20250320,0,16222,24278,3595,44097,https://dart.fss.or.kr/dsaf001/main.do?rcpNo=20250320000626,SUCCESS,
동국제강,001230,00114792,2022,2023,20230316001310,사업보고서 (2022.12),20230316,0,20285,3747,2159,26193,https://dart.fss.or.kr/dsaf001/main.do?rcpNo=20230316001310,SUCCESS,
동국홀딩스,001230,00114792,2023,2024,20240314001784,사업보고서 (2023.12),20240314,0,22860,10156,1098,34116,https://dart.fss.or.kr/dsaf001/main.do?rcpNo=20240314001784,SUCCESS,
동국홀딩스,001230,00114792,2024,2025,20250318001457,사업보고서 (2024.12),20250318,0,22337,8934,1568,32841,https://dart.fss.or.kr/dsaf001/main.do?rcpNo=20250318001457,SUCCESS,
세아베스틸지주,001430,00106669,2022,2023,20230321001452,사업보고서 (2022.12),20230321,0,14960,3406,2387,20755,https://dart.fss.or.kr/dsaf001/main.do?rcpNo=20230321001452,SUCCESS,
세아베스틸지주,001430,00106669,2023,2024,20240312000629,사업보고서 (2023.12),20240312,0,16278,3270,1850,21400,https://dart.fss.or.kr/dsaf001/main.do?rcpNo=20240312000629,SUCCESS,
세아베스틸지주,001430,00106669,2024,2025,20250318000465,사업보고서 (2024.12),20250318,0,15688,3350,1992,21032,https://dart.fss.or.kr/dsaf001/main.do?rcpNo=20250318000465,SUCCESS,
대한전선,001440,00113207,2022,2023,20230322001136,사업보고서 (2022.12),20230322,0,7071,5386,1779,14238,https://dart.fss.or.kr/dsaf001/main.do?rcpNo=20230322001136,SUCCESS,
대한전선,001440,00113207,2023,2024,20240321001692,사업보고서 (2023.12),20240321,0,7491,5683,2048,15224,https://dart.fss.or.kr/dsaf001/main.do?rcpNo=20240321001692,SUCCESS,
대한전선,001440,00113207,2024,2025,20250320001292,사업보고서 (2024.12),20250320,0,7877,5446,1816,15141,https://dart.fss.or.kr/dsaf001/main.do?rcpNo=20250320001292,SUCCESS,
현대해상,001450,00164973,2022,2023,20230309000797,사업보고서 (2022.12),20230309,0,11638,20167,2366,34173,https://dart.fss.or.kr/dsaf001/main.do?rcpNo=20230309000797,SUCCESS,
현대해상,001450,00164973,2023,2024,20240314001515,사업보고서 (2023.12),20240314,0,11290,17783,2217,31292,https://dart.fss.or.kr/dsaf001/main.do?rcpNo=20240314001515,SUCCESS,
현대해상,001450,00164973,2024,2025,20250313001346,사업보고서 (2024.12),20250313,0,11068,17278,2187,30535,https://dart.fss.or.kr/dsaf001/main.do?rcpNo=20250313001346,SUCCESS,
종근당홀딩스,001630,00149354,2022,2023,20230314001191,사업보고서 (2022.12),20230314,0,43873,10109,1685,55669,https://dart.fss.or.kr/dsaf001/main.do?rcpNo=20230314001191,SUCCESS,
종근당홀딩스,001630,00149354,2023,2024,20240320001873,사업보고서 (2023.12),20240320,0,50894,10880,2392,64168,https://dart.fss.or.kr/dsaf001/main.do?rcpNo=20240320001873,SUCCESS,
종근당홀딩스,001630,00149354,2024,2025,20250318001235,사업보고서 (2024.12),20250318,0,51382,9400,3279,64063,https://dart.fss.or.kr/dsaf001/main.do?rcpNo=20250318001235,SUCCESS,
대상,001680,00121941,2022,2023,20230316001258,사업보고서 (2022.12),20230316,0,21670,9746,2754,34172,https://dart.fss.or.kr/dsaf001/main.do?rcpNo=20230316001258,SUCCESS,
대상,001680,00121941,2023,2024,20240314001698,사업보고서 (2023.12),20240314,0,22630,10551,3566,36749,https://dart.fss.or.kr/dsaf001/main.do?rcpNo=20240314001698,SUCCESS,
대상,001680,00121941,2024,2025,20250319001095,사업보고서 (2024.12),20250319,0,21644,6579,2737,30962,https://dart.fss.or.kr/dsaf001/main.do?rcpNo=20250319001095,SUCCESS,
오리온홀딩스,001800,00117577,2022,2023,20230315001148,사업보고서 (2022.12),20230315,0,14528,20715,2575,37820,https://dart.fss.or.kr/dsaf001/main.do?rcpNo=20230315001148,SUCCESS,
오리온홀딩스,001800,00117577,2023,2024,20240313000499,사업보고서 (2023.12),20240313,0,15921,22377,2647,40947,https://dart.fss.or.kr/dsaf001/main.do?rcpNo=20240313000499,SUCCESS,
오리온홀딩스,001800,00117577,2024,2025,20250318000980,사업보고서 (2024.12),20250318,0,16183,20139,3608,39932,https://dart.fss.or.kr/dsaf001/main.do?rcpNo=20250318000980,SUCCESS,
아세아,002030,00138701,2022,2023,20230315001365,사업보고서 (2022.12),20230315,0,36190,7433,3482,47107,https://dart.fss.or.kr/dsaf001/main.do?rcpNo=20230315001365,SUCCESS,
아세아,002030,00138701,2023,2024,20240313001757,사업보고서 (2023.12),20240313,0,40966,8176,3378,52522,https://dart.fss.or.kr/dsaf001/main.do?rcpNo=20240313001757,SUCCESS,
아세아,002030,00138701,2024,2025,20250312000788,사업보고서 (2024.12),20250312,0,40380,8485,3624,52491,https://dart.fss.or.kr/dsaf001/main.do?rcpNo=20250312000788,SUCCESS,
한진,002320,00163512,2022,2023,20230315001412,사업보고서 (2022.12),20230315,0,9582,3951,2188,15723,https://dart.fss.or.kr/dsaf001/main.do?rcpNo=20230315001412,SUCCESS,
한진,002320,00163512,2023,2024,20240312000974,사업보고서 (2023.12),20240312,0,9108,3422,2335,14867,https://dart.fss.or.kr/dsaf001/main.do?rcpNo=20240312000974,SUCCESS,
한진,002320,00163512,2024,2025,20250317000904,사업보고서 (2024.12),20250317,0,9101,3826,1802,14731,https://dart.fss.or.kr/dsaf001/main.do?rcpNo=20250317000904,SUCCESS,
하이트진로,000080,00150244,2022,2023,20230316001349,사업보고서 (2022.12),20230316,0,30342,16945,5241,52530,https://dart.fss.or.kr/dsaf001/main.do?rcpNo=20230316001349,SUCCESS,
하이트진로,000080,00150244,2023,2024,20240314000553,사업보고서 (2023.12),20240314,0,29460,14622,5068,49152,https://dart.fss.or.kr/dsaf001/main.do?rcpNo=20240314000553,SUCCESS,
하이트진로,000080,00150244,2024,2025,20250313000666,사업보고서 (2024.12),20250313,0,32420,12487,5177,50086,https://dart.fss.or.kr/dsaf001/main.do?rcpNo=20250313000666,SUCCESS,
하이트진로홀딩스,000140,00148993,2022,2023,20230316001297,사업보고서 (2022.12),20230316,0,32022,16547,1889,50460,https://dart.fss.or.kr/dsaf001/main.do?rcpNo=20230316001297,SUCCESS,
하이트진로홀딩스,000140,00148993,2023,2024,20240314000623,사업보고서 (2023.12),20240314,0,30777,16759,1947,49485,https://dart.fss.or.kr/dsaf001/main.do?rcpNo=20240314000623,SUCCESS,
하이트진로홀딩스,000140,00148993,2024,2025,20250313001306,사업보고서 (2024.12),20250313,0,33971,12476,1811,48260,https://dart.fss.or.kr/dsaf001/main.do?rcpNo=20250313001306,SUCCESS,
일동홀딩스,000230,00146083,2022,2023,20230316001183,사업보고서 (2022.12),20230316,0,40264,2490,1506,44262,https://dart.fss.or.kr/dsaf001/main.do?rcpNo=20230316001183,SUCCESS,
일동홀딩스,000230,00146083,2023,2024,20240314001097,사업보고서 (2023.12),20240314,0,43100,2427,1594,47123,https://dart.fss.or.kr/dsaf001/main.do?rcpNo=20240314001097,SUCCESS,
일동홀딩스,000230,00146083,2024,2025,20250318001009,사업보고서 (2024.12),20250318,0,25589,2245,1709,29545,https://dart.fss.or.kr/dsaf001/main.do?rcpNo=20250318001009,SUCCESS,
삼화페인트공업,000390,00129387,2022,2023,20230316001290,사업보고서 (2022.12),20230316,0,17563,6879,2053,26497,https://dart.fss.or.kr/dsaf001/main.do?rcpNo=20230316001290,SUCCESS,
삼화페인트공업,000390,00129387,2023,2024,20240320000357,사업보고서 (2023.12),20240320,0,18140,8961,2325,29428,https://dart.fss.or.kr/dsaf001/main.do?rcpNo=20240320000357,SUCCESS,
삼화페인트공업,000390,00129387,2024,2025,20250312000816,사업보고서 (2024.12),20250312,0,19602,9176,2159,30939,https://dart.fss.or.kr/dsaf001/main.do?rcpNo=20250312000816,SUCCESS,
롯데손해보험,000400,00113562,2022,2023,20230323001495,사업보고서 (2022.12),20230323,0,4203,3285,1624,9114,https://dart.fss.or.kr/dsaf001/main.do?rcpNo=20230323001495,SUCCESS,
롯데손해보험,000400,00113562,2023,2024,20240321001822,사업보고서 (2023.12),20240321,0,4005,3459,1915,9381,https://dart.fss.or.kr/dsaf001/main.do?rcpNo=20240321001822,SUCCESS,
롯데손해보험,000400,00113562,2024,2025,20250320001732,사업보고서 (2024.12),20250320,0,3940,3520,2166,9628,https://dart.fss.or.kr/dsaf001/main.do?rcpNo=20250320001732,SUCCESS,
대원강업,000430,00111847,2022,2023,20230316000976,사업보고서 (2022.12),20230316,0,8372,5036,2162,15572,https://dart.fss.or.kr/dsaf001/main.do?rcpNo=20230316000976,SUCCESS,
대원강업,000430,00111847,2023,2024,20240315000516,사업보고서 (2023.12),20240315,0,8244,5734,2090,16070,https://dart.fss.or.kr/dsaf001/main.do?rcpNo=20240315000516,SUCCESS,
대원강업,000430,00111847,2024,2025,20250318001210,사업보고서 (2024.12),20250318,0,8240,4371,4187,16800,https://dart.fss.or.kr/dsaf001/main.do?rcpNo=20250318001210,SUCCESS,
대동,000490,00109286,2022,2023,20230322000832,사업보고서 (2022.12),20230322,0,9869,3098,1755,14724,https://dart.fss.or.kr/dsaf001/main.do?rcpNo=20230322000832,SUCCESS,
대동,000490,00109286,2023,2024,20240320001807,사업보고서 (2023.12),20240320,0,10599,2813,1953,15367,https://dart.fss.or.kr/dsaf001/main.do?rcpNo=20240320001807,SUCCESS,
대동,000490,00109286,2024,2025,20250318001356,사업보고서 (2024.12),20250318,0,10427,3012,2267,15708,https://dart.fss.or.kr/dsaf001/main.do?rcpNo=20250318001356,SUCCESS,
흥국화재,000540,00103176,2022,2023,20230316001454,사업보고서 (2022.12),20230316,0,4979,5773,2565,13319,https://dart.fss.or.kr/dsaf001/main.do?rcpNo=20230316001454,SUCCESS,
흥국화재,000540,00103176,2023,2024,20240321001884,사업보고서 (2023.12),20240321,0,4746,5013,2578,12339,https://dart.fss.or.kr/dsaf001/main.do?rcpNo=20240321001884,SUCCESS,
흥국화재,000540,00103176,2024,2025,20250320001444,사업보고서 (2024.12),20250320,0,4943,4980,2701,12626,https://dart.fss.or.kr/dsaf001/main.do?rcpNo=20250320001444,SUCCESS,
LS네트웍스,000680,00104698,2022,2023,20230316000757,사업보고서 (2022.12),20230316,0,10613,7687,3486,21788,https://dart.fss.or.kr/dsaf001/main.do?rcpNo=20230316000757,SUCCESS,
LS네트웍스,000680,00104698,2023,2024,20240320001453,사업보고서 (2023.12),20240320,0,14104,15179,4073,33358,https://dart.fss.or.kr/dsaf001/main.do?rcpNo=20240320001453,SUCCESS,
LS네트웍스,000680,00104698,2024,2025,20250319001010,사업보고서 (2024.12),20250319,0,24698,18062,3786,46548,https://dart.fss.or.kr/dsaf001/main.do?rcpNo=20250319001010,SUCCESS,
유수홀딩스,000700,00163691,2022,2023,20230321001229,사업보고서 (2022.12),20230321,0,16401,9325,2921,28649,https://dart.fss.or.kr/dsaf001/main.do?rcpNo=20230321001229,SUCCESS,
유수홀딩스,000700,00163691,2023,2024,20240320001569,사업보고서 (2023.12),20240320,0,16155,9948,2805,28910,https://dart.fss.or.kr/dsaf001/main.do?rcpNo=20240320001569,SUCCESS,
유수홀딩스,000700,00163691,2024,2025,20250321001882,사업보고서 (2024.12),20250321,0,17195,9507,2669,29373,https://dart.fss.or.kr/dsaf001/main.do?rcpNo=20250321001882,SUCCESS,
삼성화재해상보험,000810,00139214,2022,2023,20230309000772,사업보고서 (2022.12),20230309,0,21559,21215,3420,46196,https://dart.fss.or.kr/dsaf001/main.do?rcpNo=20230309000772,SUCCESS,
삼성화재해상보험,000810,00139214,2023,2024,20240312001075,사업보고서 (2023.12),20240312,0,23828,25009,3681,52520,https://dart.fss.or.kr/dsaf001/main.do?rcpNo=20240312001075,SUCCESS,
삼성화재해상보험,000810,00139214,2024,2025,20250311001055,사업보고서 (2024.12),20250311,0,22377,24131,3533,50043,https://dart.fss.or.kr/dsaf001/main.do?rcpNo=20250311001055,SUCCESS,
강남제비스코,000860,00100939,2022,2023,20230320000691,사업보고서 (2022.12),20230320,0,14940,7190,2313,24445,https://dart.fss.or.kr/dsaf001/main.do?rcpNo=20230320000691,SUCCESS,
강남제비스코,000860,00100939,2023,2024,20240320001810,사업보고서 (2023.12),20240320,0,16119,7484,2321,25926,https://dart.fss.or.kr/dsaf001/main.do?rcpNo=20240320001810,SUCCESS,
강남제비스코,000860,00100939,2024,2025,20250318001036,사업보고서 (2024.12),20250318,0,14951,7552,3015,25520,https://dart.fss.or.kr/dsaf001/main.do?rcpNo=20250318001036,SUCCESS,
한화,000880,00160588,2022,2023,20230321001313,사업보고서 (2022.12),20230321,0,134370,24183,3209,161764,https://dart.fss.or.kr/dsaf001/main.do?rcpNo=20230321001313,SUCCESS,
한화,000880,00160588,2023,2024,20240320001593,사업보고서 (2023.12),20240320,0,132487,28429,3558,164476,https://dart.fss.or.kr/dsaf001/main.do?rcpNo=20240320001593,SUCCESS,
한화,000880,00160588,2024,2025,20250318001429,사업보고서 (2024.12),20250318,0,138603,37255,3612,179472,https://dart.fss.or.kr/dsaf001/main.do?rcpNo=20250318001429,SUCCESS,
JW중외제약,001060,00149947,2022,2023,20230321001149,사업보고서 (2022.12),20230321,0,15812,4800,1423,22037,https://dart.fss.or.kr/dsaf001/main.do?rcpNo=20230321001149,SUCCESS,
JW중외제약,001060,00149947,2023,2024,20240318000800,사업보고서 (2023.12),20240318,0,15028,5044,1482,21556,https://dart.fss.or.kr/dsaf001/main.do?rcpNo=20240318000800,SUCCESS,
JW중외제약,001060,00149947,2024,2025,20250318001192,사업보고서 (2024.12),20250318,0,6532,4422,1488,12444,https://dart.fss.or.kr/dsaf001/main.do?rcpNo=20250318001192,SUCCESS,
GS글로벌,001250,00138190,2022,2023,20230317000485,사업보고서 (2022.12),20230317,0,17610,6355,1811,25778,https://dart.fss.or.kr/dsaf001/main.do?rcpNo=20230317000485,SUCCESS,
GS글로벌,001250,00138190,2023,2024,20240318000522,사업보고서 (2023.12),20240318,0,17703,6198,1914,25817,https://dart.fss.or.kr/dsaf001/main.do?rcpNo=20240318000522,SUCCESS,
GS글로벌,001250,00138190,2024,2025,20250318001328,사업보고서 (2024.12),20250318,0,14568,5872,1989,22431,https://dart.fss.or.kr/dsaf001/main.do?rcpNo=20250318001328,SUCCESS,
현대차증권,001500,00137997,2022,2023,20230315000803,사업보고서 (2022.12),20230315,0,3585,7769,3135,14491,https://dart.fss.or.kr/dsaf001/main.do?rcpNo=20230315000803,SUCCESS,
현대차증권,001500,00137997,2023,2024,20240313001172,사업보고서 (2023.12),20240313,0,3497,7009,3106,13614,https://dart.fss.or.kr/dsaf001/main.do?rcpNo=20240313001172,SUCCESS,
현대차증권,001500,00137997,2024,2025,20250319001001,사업보고서 (2024.12),20250319,0,3485,6559,3128,13174,https://dart.fss.or.kr/dsaf001/main.do?rcpNo=20250319001001,SUCCESS,
SK증권,001510,00131850,2022,2023,20230323001329,사업보고서 (2022.12),20230323,0,8096,8010,3328,19436,https://dart.fss.or.kr/dsaf001/main.do?rcpNo=20230323001329,SUCCESS,
SK증권,001510,00131850,2023,2024,20240315000894,사업보고서 (2023.12),20240315,0,7603,7750,3523,18878,https://dart.fss.or.kr/dsaf001/main.do?rcpNo=20240315000894,SUCCESS,
SK증권,001510,00131850,2024,2025,20250319001113,사업보고서 (2024.12),20250319,0,7233,7722,3041,17998,https://dart.fss.or.kr/dsaf001/main.do?rcpNo=20250319001113,SUCCESS,
신영증권,001720,00136721,2022,2023,20230615000542,사업보고서 (2023.03),20230615,0,10652,2497,3174,16325,https://dart.fss.or.kr/dsaf001/main.do?rcpNo=20230615000542,SUCCESS,
신영증권,001720,00136721,2023,2024,20240612000337,사업보고서 (2024.03),20240612,0,11666,2982,3240,17890,https://dart.fss.or.kr/dsaf001/main.do?rcpNo=20240612000337,SUCCESS,
신영증권,001720,00136721,2024,2025,20250612000448,사업보고서 (2025.03),20250612,0,12347,2915,3178,18442,https://dart.fss.or.kr/dsaf001/main.do?rcpNo=20250612000448,SUCCESS,
한국앤컴퍼니,000240,00160047,2022,2023,20230324001090,사업보고서 (2022.12),20230324,0,8529,4572,2942,16045,https://dart.fss.or.kr/dsaf001/main.do?rcpNo=20230324001090,SUCCESS,
한국앤컴퍼니,000240,00160047,2023,2024,20240320001601,사업보고서 (2023.12),20240320,0,9013,4255,2727,15997,https://dart.fss.or.kr/dsaf001/main.do?rcpNo=20240320001601,SUCCESS,
한국앤컴퍼니,000240,00160047,2024,2025,20250318000944,사업보고서 (2024.12),20250318,0,8983,4161,2972,16118,https://dart.fss.or.kr/dsaf001/main.do?rcpNo=20250318000944,SUCCESS,
가온전선,000500,00104768,2022,2023,20230315001078,사업보고서 (2022.12),20230315,0,7539,4562,1620,13723,https://dart.fss.or.kr/dsaf001/main.do?rcpNo=20230315001078,SUCCESS,
가온전선,000500,00104768,2023,2024,20240318000764,사업보고서 (2023.12),20240318,0,7332,4542,1500,13376,https://dart.fss.or.kr/dsaf001/main.do?rcpNo=20240318000764,SUCCESS,
가온전선,000500,00104768,2024,2025,20250317000782,사업보고서 (2024.12),20250317,0,7413,4573,1557,13545,https://dart.fss.or.kr/dsaf001/main.do?rcpNo=20250317000782,SUCCESS,
영풍,000670,00141307,2022,2023,20230314000637,사업보고서 (2022.12),20230314,0,16489,26172,1831,44494,https://dart.fss.or.kr/dsaf001/main.do?rcpNo=20230314000637,SUCCESS,
영풍,000670,00141307,2023,2024,20240312000923,사업보고서 (2023.12),20240312,0,15561,27140,1293,43996,https://dart.fss.or.kr/dsaf001/main.do?rcpNo=20240312000923,SUCCESS,
영풍,000670,00141307,2024,2025,20250319001075,사업보고서 (2024.12),20250319,0,14673,25077,1748,41500,https://dart.fss.or.kr/dsaf001/main.do?rcpNo=20250319001075,SUCCESS,
넥센타이어,002350,00173874,2022,2023,20230320000888,사업보고서 (2022.12),20230320,0,17883,3059,2957,23901,https://dart.fss.or.kr/dsaf001/main.do?rcpNo=20230320000888,SUCCESS,
넥센타이어,002350,00173874,2023,2024,20240318000903,사업보고서 (2023.12),20240318,0,16728,3062,3252,23044,https://dart.fss.or.kr/dsaf001/main.do?rcpNo=20240318000903,SUCCESS,
넥센타이어,002350,00173874,2024,2025,20250318001449,사업보고서 (2024.12),20250318,0,16710,3214,3285,23211,https://dart.fss.or.kr/dsaf001/main.do?rcpNo=20250318001449,SUCCESS,
조흥,002600,00149345,2022,2023,20230309000626,사업보고서 (2022.12),20230309,0,3344,1200,1215,5761,https://dart.fss.or.kr/dsaf001/main.do?rcpNo=20230309000626,SUCCESS,
조흥,002600,00149345,2023,2024,20240314001089,사업보고서 (2023.12),20240314,0,3480,1118,1115,5715,https://dart.fss.or.kr/dsaf001/main.do?rcpNo=20240314001089,SUCCESS,
조흥,002600,00149345,2024,2025,20250312000526,사업보고서 (2024.12),20250312,0,3480,1085,1091,5658,https://dart.fss.or.kr/dsaf001/main.do?rcpNo=20250312000526,SUCCESS,
태광산업,003240,00153393,2022,2023,20230323001281,사업보고서 (2022.12),20230323,0,10932,4897,1761,17592,https://dart.fss.or.kr/dsaf001/main.do?rcpNo=20230323001281,SUCCESS,
태광산업,003240,00153393,2023,2024,20240321002014,사업보고서 (2023.12),20240321,0,11187,5075,1959,18223,https://dart.fss.or.kr/dsaf001/main.do?rcpNo=20240321002014,SUCCESS,
태광산업,003240,00153393,2024,2025,20250320001386,사업보고서 (2024.12),20250320,0,10713,4486,1915,17116,https://dart.fss.or.kr/dsaf001/main.do?rcpNo=20250320001386,SUCCESS,
흥아해운,003280,00167208,2022,2023,20230320001057,사업보고서 (2022.12),20230320,0,258,9989,614,10863,https://dart.fss.or.kr/dsaf001/main.do?rcpNo=20230320001057,SUCCESS,
흥아해운,003280,00167208,2023,2024,20240320001803,사업보고서 (2023.12),20240320,0,241,9482,555,10280,https://dart.fss.or.kr/dsaf001/main.do?rcpNo=20240320001803,SUCCESS,
흥아해운,003280,00167208,2024,2025,20250317000787,사업보고서 (2024.12),20250317,0,241,10244,702,11189,https://dart.fss.or.kr/dsaf001/main.do?rcpNo=20250317000787,SUCCESS,
남양유업,003920,00107598,2022,2023,20230323001233,사업보고서 (2022.12),20230323,0,6444,1939,1638,10023,https://dart.fss.or.kr/dsaf001/main.do?rcpNo=20230323001233,SUCCESS,
남양유업,003920,00107598,2023,2024,20240321001747,사업보고서 (2023.12),20240321,0,6367,1860,1614,9843,https://dart.fss.or.kr/dsaf001/main.do?rcpNo=20240321001747,SUCCESS,
남양유업,003920,00107598,2024,2025,20250320001030,사업보고서 (2024.12),20250320,0,6457,1710,1693,9862,https://dart.fss.or.kr/dsaf001/main.do?rcpNo=20250320001030,SUCCESS,
농심,004370,00108241,2022,2023,20230316000448,사업보고서 (2022.12),20230316,0,20055,4046,2516,26619,https://dart.fss.or.kr/dsaf001/main.do?rcpNo=20230316000448,SUCCESS,
농심,004370,00108241,2023,2024,20240314000698,사업보고서 (2023.12),20240314,0,17787,3920,2472,24181,https://dart.fss.or.kr/dsaf001/main.do?rcpNo=20240314000698,SUCCESS,
농심,004370,00108241,2024,2025,20250312000711,사업보고서 (2024.12),20250312,0,16804,4261,3044,24111,https://dart.fss.or.kr/dsaf001/main.do?rcpNo=20250312000711,SUCCESS,
깨끗한나라,004540,00113492,2022,2023,20230316000673,사업보고서 (2022.12),20230316,0,5884,4322,1928,12136,https://dart.fss.or.kr/dsaf001/main.do?rcpNo=20230316000673,SUCCESS,
깨끗한나라,004540,00113492,2023,2024,20240321001282,사업보고서 (2023.12),20240321,0,5961,4334,1869,12166,https://dart.fss.or.kr/dsaf001/main.do?rcpNo=20240321001282,SUCCESS,
깨끗한나라,004540,00113492,2024,2025,20250320000849,사업보고서 (2024.12),20250320,0,10555,4220,2054,16831,https://dart.fss.or.kr/dsaf001/main.do?rcpNo=20250320000849,SUCCESS,
SGC에너지,005090,00125150,2022,2023,20230309000859,사업보고서 (2022.12),20230309,0,17150,8524,2239,27915,https://dart.fss.or.kr/dsaf001/main.do?rcpNo=20230309000859,SUCCESS,
SGC에너지,005090,00125150,2023,2024,20240313001769,사업보고서 (2023.12),20240313,0,12610,9098,2689,24399,https://dart.fss.or.kr/dsaf001/main.do?rcpNo=20240313001769,SUCCESS,
SGC에너지,005090,00125150,2024,2025,20250312001090,사업보고서 (2024.12),20250312,0,12753,10043,2480,25278,https://dart.fss.or.kr/dsaf001/main.do?rcpNo=20250312001090,SUCCESS,
동진쎄미켐,005290,00118804,2022,2023,20230316001000,사업보고서 (2022.12),20230316,0,12297,4713,5382,22394,https://dart.fss.or.kr/dsaf001/main.do?rcpNo=20230316001000,SUCCESS,
동진쎄미켐,005290,00118804,2023,2024,20240314001382,사업보고서 (2023.12),20240314,0,12289,7188,5867,25346,https://dart.fss.or.kr/dsaf001/main.do?rcpNo=20240314001382,SUCCESS,
동진쎄미켐,005290,00118804,2024,2025,20250319000732,사업보고서 (2024.12),20250319,0,12394,6125,6061,24582,https://dart.fss.or.kr/dsaf001/main.do?rcpNo=20250319000732,SUCCESS,
삼진제약,005500,00128412,2022,2023,20230316001264,사업보고서 (2022.12),20230316,0,7321,4770,1450,13543,https://dart.fss.or.kr/dsaf001/main.do?rcpNo=20230316001264,SUCCESS,
삼진제약,005500,00128412,2023,2024,20240314001307,사업보고서 (2023.12),20240314,0,7139,4610,1375,13126,https://dart.fss.or.kr/dsaf001/main.do?rcpNo=20240314001307,SUCCESS,
삼진제약,005500,00128412,2024,2025,20250313001200,사업보고서 (2024.12),20250313,0,6134,4880,1373,12389,https://dart.fss.or.kr/dsaf001/main.do?rcpNo=20250313001200,SUCCESS,
SPC삼립,005610,00125530,2022,2023,20230316001219,사업보고서 (2022.12),20230316,0,12292,4663,2105,19062,https://dart.fss.or.kr/dsaf001/main.do?rcpNo=20230316001219,SUCCESS,
SPC삼립,005610,00125530,2023,2024,20240321001513,사업보고서 (2023.12),20240321,0,12272,4306,3254,19834,https://dart.fss.or.kr/dsaf001/main.do?rcpNo=20240321001513,SUCCESS,
SPC삼립,005610,00125530,2024,2025,20250318001175,사업보고서 (2024.12),20250318,0,12248,4417,2667,19334,https://dart.fss.or.kr/dsaf001/main.do?rcpNo=20250318001175,SUCCESS,
에스엘,005850,00125521,2022,2023,20230321001134,사업보고서 (2022.12),20230321,0,11982,6095,2664,20743,https://dart.fss.or.kr/dsaf001/main.do?rcpNo=20230321001134,SUCCESS,
에스엘,005850,00125521,2023,2024,20240318000589,사업보고서 (2023.12),20240318,0,11615,6723,1928,20268,https://dart.fss.or.kr/dsaf001/main.do?rcpNo=20240318000589,SUCCESS,
에스엘,005850,00125521,2024,2025,20250318000826,사업보고서 (2024.12),20250318,0,12296,6181,1877,20356,https://dart.fss.or.kr/dsaf001/main.do?rcpNo=20250318000826,SUCCESS,
이수화학,005950,00145552,2022,2023,20230320000747,사업보고서 (2022.12),20230320,0,14124,12871,2209,29206,https://dart.fss.or.kr/dsaf001/main.do?rcpNo=20230320000747,SUCCESS,
이수화학,005950,00145552,2023,2024,20240321001863,사업보고서 (2023.12),20240321,0,14717,10774,2587,28080,https://dart.fss.or.kr/dsaf001/main.do?rcpNo=20240321001863,SUCCESS,
이수화학,005950,00145552,2024,2025,20250320001454,사업보고서 (2024.12),20250320,0,14807,9782,2220,26811,https://dart.fss.or.kr/dsaf001/main.do?rcpNo=20250320001454,SUCCESS,
동화약품,000020,00119195,2022,2023,20230315001100,사업보고서 (2022.12),20230315,0,10292,3616,1288,15198,https://dart.fss.or.kr/dsaf001/main.do?rcpNo=20230315001100,SUCCESS,
동화약품,000020,00119195,2023,2024,20240319000652,사업보고서 (2023.12),20240319,0,11451,3272,1252,15977,https://dart.fss.or.kr/dsaf001/main.do?rcpNo=20240319000652,SUCCESS,
동화약품,000020,00119195,2024,2025,20250318000739,사업보고서 (2024.12),20250318,0,11467,3813,1395,16677,https://dart.fss.or.kr/dsaf001/main.do?rcpNo=20250318000739,SUCCESS,
경방,000050,00101628,2022,2023,20230317000682,사업보고서 (2022.12),20230317,0,8907,3280,1566,13755,https://dart.fss.or.kr/dsaf001/main.do?rcpNo=20230317000682,SUCCESS,
경방,000050,00101628,2023,2024,20240320000197,사업보고서 (2023.12),20240320,0,9660,3413,1612,14687,https://dart.fss.or.kr/dsaf001/main.do?rcpNo=20240320000197,SUCCESS,
경방,000050,00101628,2024,2025,20250320001362,사업보고서 (2024.12),20250320,0,9817,3387,1471,14677,https://dart.fss.or.kr/dsaf001/main.do?rcpNo=20250320001362,SUCCESS,
유유제약,000220,00144818,2022,2023,20230322001027,사업보고서 (2022.12),20230322,0,7335,3489,1076,11902,https://dart.fss.or.kr/dsaf001/main.do?rcpNo=20230322001027,SUCCESS,
유유제약,000220,00144818,2023,2024,20240320001162,사업보고서 (2023.12),20240320,0,7562,3168,1195,11927,https://dart.fss.or.kr/dsaf001/main.do?rcpNo=20240320001162,SUCCESS,
유유제약,000220,00144818,2024,2025,20250319000817,사업보고서 (2024.12),20250319,0,7720,2914,965,11601,https://dart.fss.or.kr/dsaf001/main.do?rcpNo=20250319000817,SUCCESS,
조선내화,000480,00148984,2022,2023,20230315001326,사업보고서 (2022.12),20230315,0,12679,3479,3615,19775,https://dart.fss.or.kr/dsaf001/main.do?rcpNo=20230315001326,SUCCESS,
시알홀딩스,000480,00148984,2023,2024,20240313001576,사업보고서 (2023.12),20240313,0,13096,2969,4623,20690,https://dart.fss.or.kr/dsaf001/main.do?rcpNo=20240313001576,SUCCESS,
시알홀딩스,000480,00148984,2024,2025,20250311001197,사업보고서 (2024.12),20250311,0,13463,3134,3955,20554,https://dart.fss.or.kr/dsaf001/main.do?rcpNo=20250311001197,SUCCESS,
삼일제약,000520,00128032,2022,2023,20230316001021,사업보고서 (2022.12),20230316,0,10413,5087,1677,17179,https://dart.fss.or.kr/dsaf001/main.do?rcpNo=20230316001021,SUCCESS,
삼일제약,000520,00128032,2023,2024,20240314001673,사업보고서 (2023.12),20240314,0,10359,3425,1675,15461,https://dart.fss.or.kr/dsaf001/main.do?rcpNo=20240314001673,SUCCESS,
삼일제약,000520,00128032,2024,2025,20250313001455,사업보고서 (2024.12),20250313,0,9970,3670,1814,15456,https://dart.fss.or.kr/dsaf001/main.do?rcpNo=20250313001455,SUCCESS,
CS홀딩스,000590,00149026,2022,2023,20230323001033,사업보고서 (2022.12),20230323,0,7353,3284,1699,12338,https://dart.fss.or.kr/dsaf001/main.do?rcpNo=20230323001033,SUCCESS,
CS홀딩스,000590,00149026,2023,2024,20240321001387,사업보고서 (2023.12),20240321,0,7385,3270,1699,12356,https://dart.fss.or.kr/dsaf001/main.do?rcpNo=20240321001387,SUCCESS,
CS홀딩스,000590,00149026,2024,2025,20250321001425,[첨부추가]사업보고서 (2024.12),20250321,0,7351,3364,1284,12001,https://dart.fss.or.kr/dsaf001/main.do?rcpNo=20250321001425,SUCCESS,
화천기공,000850,00166519,2022,2023,20230315000315,사업보고서 (2022.12),20230315,0,14532,3372,2773,20679,https://dart.fss.or.kr/dsaf001/main.do?rcpNo=20230315000315,SUCCESS,
화천기공,000850,00166519,2023,2024,20240313000479,사업보고서 (2023.12),20240313,0,14670,3068,2905,20645,https://dart.fss.or.kr/dsaf001/main.do?rcpNo=20240313000479,SUCCESS,
화천기공,000850,00166519,2024,2025,20250312000803,사업보고서 (2024.12),20250312,0,15038,2910,3184,21134,https://dart.fss.or.kr/dsaf001/main.do?rcpNo=20250312000803,SUCCESS,
유니온,000910,00144252,2022,2023,20230323001190,사업보고서 (2022.12),20230323,0,12686,5337,1066,19091,https://dart.fss.or.kr/dsaf001/main.do?rcpNo=20230323001190,SUCCESS,
유니온,000910,00144252,2023,2024,20240321001439,사업보고서 (2023.12),20240321,0,12602,6235,949,19788,https://dart.fss.or.kr/dsaf001/main.do?rcpNo=20240321001439,SUCCESS,
유니온,000910,00144252,2024,2025,20250320001552,사업보고서 (2024.12),20250320,0,12574,7064,949,20589,https://dart.fss.or.kr/dsaf001/main.do?rcpNo=20250320001552,SUCCESS,
DB하이텍,000990,00160843,2022,2023,20230321001125,사업보고서 (2022.12),20230321,0,9934,4878,1811,16625,https://dart.fss.or.kr/dsaf001/main.do?rcpNo=20230321001125,SUCCESS,
DB하이텍,000990,00160843,2023,2024,20240320002017,사업보고서 (2023.12),20240320,0,10218,5107,2468,17795,https://dart.fss.or.kr/dsaf001/main.do?rcpNo=20240320002017,SUCCESS,
DB하이텍,000990,00160843,2024,2025,20250312001130,사업보고서 (2024.12),20250313,0,11056,5190,2475,18723,https://dart.fss.or.kr/dsaf001/main.do?rcpNo=20250312001130,SUCCESS,
페이퍼코리아,001020,00134723,2022,2023,20230323001248,사업보고서 (2022.12),20230323,0,8439,2940,1651,13032,https://dart.fss.or.kr/dsaf001/main.do?rcpNo=20230323001248,SUCCESS,
페이퍼코리아,001020,00134723,2023,2024,20240321001475,사업보고서 (2023.12),20240321,0,8043,2770,1385,12200,https://dart.fss.or.kr/dsaf001/main.do?rcpNo=20240321001475,SUCCESS,
페이퍼코리아,001020,00134723,2024,2025,20250320001403,사업보고서 (2024.12),20250320,0,7923,2255,1010,11190,https://dart.fss.or.kr/dsaf001/main.do?rcpNo=20250320001403,SUCCESS,
대한방직,001070,00112970,2022,2023,20230316001199,사업보고서 (2022.12),20230316,0,6052,3484,2609,12147,https://dart.fss.or.kr/dsaf001/main.do?rcpNo=20230316001199,SUCCESS,
대한방직,001070,00112970,2023,2024,20240314001520,사업보고서 (2023.12),20240314,0,4367,3462,2358,10189,https://dart.fss.or.kr/dsaf001/main.do?rcpNo=20240314001520,SUCCESS,
대한방직,001070,00112970,2024,2025,20250313001407,사업보고서 (2024.12),20250313,0,4443,3144,2163,9752,https://dart.fss.or.kr/dsaf001/main.do?rcpNo=20250313001407,SUCCESS,
대한제분,001130,00113243,2022,2023,20230316001412,사업보고서 (2022.12),20230316,0,11142,3704,1330,16178,https://dart.fss.or.kr/dsaf001/main.do?rcpNo=20230316001412,SUCCESS,
대한제분,001130,00113243,2023,2024,20240314001452,사업보고서 (2023.12),20240314,0,11187,3689,1320,16198,https://dart.fss.or.kr/dsaf001/main.do?rcpNo=20240314001452,SUCCESS,
대한제분,001130,00113243,2024,2025,20250313001408,사업보고서 (2024.12),20250313,0,10811,3718,1529,16060,https://dart.fss.or.kr/dsaf001/main.do?rcpNo=20250313001408,SUCCESS,
유진증권,001200,00131054,2022,2023,20230315000887,사업보고서 (2022.12),20230315,0,3261,8814,3949,16026,https://dart.fss.or.kr/dsaf001/main.do?rcpNo=20230315000887,SUCCESS,
유진증권,001200,00131054,2023,2024,20240318000590,사업보고서 (2023.12),20240318,0,3275,8806,3895,15978,https://dart.fss.or.kr/dsaf001/main.do?rcpNo=20240318000590,SUCCESS,
유진증권,001200,00131054,2024,2025,20250318000789,사업보고서 (2024.12),20250318,0,3263,8897,6057,18219,https://dart.fss.or.kr/dsaf001/main.do?rcpNo=20250318000789,SUCCESS,
부국증권,001270,00123772,2022,2023,20230316000947,사업보고서 (2022.12),20230316,0,18038,5508,5857,29405,https://dart.fss.or.kr/dsaf001/main.do?rcpNo=20230316000947,SUCCESS,
부국증권,001270,00123772,2023,2024,20240314000951,사업보고서 (2023.12),20240314,0,18221,6698,5678,30599,https://dart.fss.or.kr/dsaf001/main.do?rcpNo=20240314000951,SUCCESS,
부국증권,001270,00123772,2024,2025,20250319000744,사업보고서 (2024.12),20250319,0,16649,6921,5849,29421,https://dart.fss.or.kr/dsaf001/main.do?rcpNo=20250319000744,SUCCESS,
상상인증권,001290,00112059,2022,2023,20230321001175,사업보고서 (2022.12),20230321,0,3066,4569,1741,9378,https://dart.fss.or.kr/dsaf001/main.do?rcpNo=20230321001175,SUCCESS,
상상인증권,001290,00112059,2023,2024,20240321001495,사업보고서 (2023.12),20240321,0,3058,4991,1884,9935,https://dart.fss.or.kr/dsaf001/main.do?rcpNo=20240321001495,SUCCESS,
상상인증권,001290,00112059,2024,2025,20250318001083,사업보고서 (2024.12),20250318,0,2989,3203,2144,8338,https://dart.fss.or.kr/dsaf001/main.do?rcpNo=20250318001083,SUCCESS,
KG케미칼,001390,00101220,2022,2023,20230321001469,사업보고서 (2022.12),20230321,0,55050,7198,1843,64093,https://dart.fss.or.kr/dsaf001/main.do?rcpNo=20230321001469,SUCCESS,
KG케미칼,001390,00101220,2023,2024,20240321001911,사업보고서 (2023.12),20240321,0,61724,7916,4273,73915,https://dart.fss.or.kr/dsaf001/main.do?rcpNo=20240321001911,SUCCESS,
KG케미칼,001390,00101220,2024,2025,20250320001653,사업보고서 (2024.12),20250320,0,59545,7368,4212,71127,https://dart.fss.or.kr/dsaf001/main.do?rcpNo=20250320001653,SUCCESS,
동양,001520,00117337,2022,2023,20230321001187,사업보고서 (2022.12),20230321,0,12635,5116,2328,20081,https://dart.fss.or.kr/dsaf001/main.do?rcpNo=20230321001187,SUCCESS,
동양,001520,00117337,2023,2024,20240320001400,사업보고서 (2023.12),20240320,0,12399,4803,2257,19461,https://dart.fss.or.kr/dsaf001/main.do?rcpNo=20240320001400,SUCCESS,
동양,001520,00117337,2024,2025,20250318000948,사업보고서 (2024.12),20250318,0,12535,4398,2464,19399,https://dart.fss.or.kr/dsaf001/main.do?rcpNo=20250318000948,SUCCESS,
제일연마,001560,00148461,2022,2023,20230321000389,사업보고서 (2022.12),20230321,0,4019,2698,2701,9420,https://dart.fss.or.kr/dsaf001/main.do?rcpNo=20230321000389,SUCCESS,
제일연마,001560,00148461,2023,2024,20240321000824,사업보고서 (2023.12),20240321,0,4116,4396,2552,11066,https://dart.fss.or.kr/dsaf001/main.do?rcpNo=20240321000824,SUCCESS,
제일연마,001560,00148461,2024,2025,20250317000206,사업보고서 (2024.12),20250317,0,3290,3209,2766,9267,https://dart.fss.or.kr/dsaf001/main.do?rcpNo=20250317000206,SUCCESS,
KR모터스,000040,00112378,2022,2023,20230322001182,사업보고서 (2022.12),20230322,0,9153,1171,492,10818,https://dart.fss.or.kr/dsaf001/main.do?rcpNo=20230322001182,SUCCESS,
KR모터스,000040,00112378,2023,2024,20240321002062,사업보고서 (2023.12),20240321,0,10371,1034,546,11953,https://dart.fss.or.kr/dsaf001/main.do?rcpNo=20240321002062,SUCCESS,
KR모터스,000040,00112378,2024,2025,20250319000576,사업보고서 (2024.12),20250319,0,10072,944,433,11451,https://dart.fss.or.kr/dsaf001/main.do?rcpNo=20250319000576,SUCCESS,
성창기업지주,000180,00133335,2022,2023,20230314001199,사업보고서 (2022.12),20230314,0,21045,4841,2487,28375,https://dart.fss.or.kr/dsaf001/main.do?rcpNo=20230314001199,SUCCESS,
성창기업지주,000180,00133335,2023,2024,20240318000483,사업보고서 (2023.12),20240318,0,20583,4770,2568,27923,https://dart.fss.or.kr/dsaf001/main.do?rcpNo=20240318000483,SUCCESS,
성창기업지주,000180,00133335,2024,2025,20250317000553,사업보고서 (2024.12),20250317,0,20723,4629,1946,27300,https://dart.fss.or.kr/dsaf001/main.do?rcpNo=20250317000553,SUCCESS,
삼천당제약,000250,00128546,2022,2023,20230321000689,사업보고서 (2022.12),20230321,0,11532,4795,1466,17795,https://dart.fss.or.kr/dsaf001/main.do?rcpNo=20230321000689,SUCCESS,
삼천당제약,000250,00128546,2023,2024,20240320001960,사업보고서 (2023.12),20240320,0,11907,5874,1347,19130,https://dart.fss.or.kr/dsaf001/main.do?rcpNo=20240320001960,SUCCESS,
삼천당제약,000250,00128546,2024,2025,20250318001341,사업보고서 (2024.12),20250318,0,11157,5505,1505,18169,https://dart.fss.or.kr/dsaf001/main.do?rcpNo=20250318001341,SUCCESS,
천일고속,000650,00151395,2022,2023,20230316001173,사업보고서 (2022.12),20230316,0,1251,1619,1497,4369,https://dart.fss.or.kr/dsaf001/main.do?rcpNo=20230316001173,SUCCESS,
천일고속,000650,00151395,2023,2024,20240321001343,사업보고서 (2023.12),20240321,0,1250,1624,1495,4371,https://dart.fss.or.kr/dsaf001/main.do?rcpNo=20240321001343,SUCCESS,
천일고속,000650,00151395,2024,2025,20250320001184,사업보고서 (2024.12),20250320,0,1251,1611,1330,4194,https://dart.fss.or.kr/dsaf001/main.do?rcpNo=20250320001184,SUCCESS,
이화산업,000760,00145686,2022,2023,20230316000343,사업보고서 (2022.12),20230316,0,6420,1536,2753,10711,https://dart.fss.or.kr/dsaf001/main.do?rcpNo=20230316000343,SUCCESS,
이화산업,000760,00145686,2023,2024,20240321000690,사업보고서 (2023.12),20240321,0,6433,1538,3192,11165,https://dart.fss.or.kr/dsaf001/main.do?rcpNo=20240321000690,SUCCESS,
이화산업,000760,00145686,2024,2025,20250320000337,사업보고서 (2024.12),20250320,0,6511,1540,2824,10877,https://dart.fss.or.kr/dsaf001/main.do?rcpNo=20250320000337,SUCCESS,
보해양조,000890,00123541,2022,2023,20230321001480,사업보고서 (2022.12),20230321,0,9232,6180,1799,17213,https://dart.fss.or.kr/dsaf001/main.do?rcpNo=20230321001480,SUCCESS,
보해양조,000890,00123541,2023,2024,20240318000717,사업보고서 (2023.12),20240318,0,9872,7225,1889,18988,https://dart.fss.or.kr/dsaf001/main.do?rcpNo=20240318000717,SUCCESS,
보해양조,000890,00123541,2024,2025,20250318001002,사업보고서 (2024.12),20250318,0,11522,6419,1982,19925,https://dart.fss.or.kr/dsaf001/main.do?rcpNo=20250318001002,SUCCESS,
전방,000950,00147222,2022,2023,20230315001304,사업보고서 (2022.12),20230315,0,9212,2787,1454,13455,https://dart.fss.or.kr/dsaf001/main.do?rcpNo=20230315001304,SUCCESS,
전방,000950,00147222,2023,2024,20240314001271,사업보고서 (2023.12),20240314,0,9584,2688,1454,13728,https://dart.fss.or.kr/dsaf001/main.do?rcpNo=20240314001271,SUCCESS,
전방,000950,00147222,2024,2025,20250320000970,사업보고서 (2024.12),20250320,0,7105,2767,1469,11343,https://dart.fss.or.kr/dsaf001/main.do?rcpNo=20250320000970,SUCCESS,
한국주철관공업,000970,00159573,2022,2023,20230316000941,사업보고서 (2022.12),20230316,0,8515,2593,1001,12111,https://dart.fss.or.kr/dsaf001/main.do?rcpNo=20230316000941,SUCCESS,
한국주철관공업,000970,00159573,2023,2024,20240321000781,사업보고서 (2023.12),20240321,0,8391,2485,1001,11879,https://dart.fss.or.kr/dsaf001/main.do?rcpNo=20240321000781,SUCCESS,
한국주철관공업,000970,00159573,2024,2025,20250320000304,사업보고서 (2024.12),20250320,0,8426,2621,1977,13026,https://dart.fss.or.kr/dsaf001/main.do?rcpNo=20250320000304,SUCCESS,
만호제강,001080,00120872,2022,2023,20231005000147,사업보고서 (2023.06),20231005,0,5802,2411,1276,9491,https://dart.fss.or.kr/dsaf001/main.do?rcpNo=20231005000147,SUCCESS,
만호제강,001080,00120872,2023,2024,20240920000456,사업보고서 (2024.06),20240923,0,5477,2175,1324,8978,https://dart.fss.or.kr/dsaf001/main.do?rcpNo=20240920000456,SUCCESS,
만호제강,001080,00120872,2024,2025,20250918000297,사업보고서 (2025.06),20250918,0,5732,2078,1470,9282,https://dart.fss.or.kr/dsaf001/main.do?rcpNo=20250918000297,SUCCESS,
국보,001140,00104519,2022,2023,20230321001053,사업보고서 (2022.12),20230321,0,9929,2515,2713,15159,https://dart.fss.or.kr/dsaf001/main.do?rcpNo=20230321001053,SUCCESS,
국보,001140,00104519,2023,2024,20240321001955,사업보고서 (2023.12),20240321,0,6557,2551,2198,11308,https://dart.fss.or.kr/dsaf001/main.do?rcpNo=20240321001955,SUCCESS,
국보,001140,00104519,2024,2025,20250321001993,사업보고서 (2024.12),20250321,0,4685,2210,2162,9059,https://dart.fss.or.kr/dsaf001/main.do?rcpNo=20250321001993,SUCCESS,
금호전기,001210,00106395,2022,2023,20230321001127,사업보고서 (2022.12),20230321,0,8910,4322,1959,15193,https://dart.fss.or.kr/dsaf001/main.do?rcpNo=20230321001127,SUCCESS,
금호전기,001210,00106395,2023,2024,20240320001009,사업보고서 (2023.12),20240320,0,8456,4464,1547,14469,https://dart.fss.or.kr/dsaf001/main.do?rcpNo=20240320001009,SUCCESS,
금호전기,001210,00106395,2024,2025,20250318000723,사업보고서 (2024.12),20250318,0,9169,4456,1246,14873,https://dart.fss.or.kr/dsaf001/main.do?rcpNo=20250318000723,SUCCESS,
남광토건,001260,00107066,2022,2023,20230320000480,사업보고서 (2022.12),20230320,0,6499,2449,2426,11376,https://dart.fss.or.kr/dsaf001/main.do?rcpNo=20230320000480,SUCCESS,
남광토건,001260,00107066,2023,2024,20240320000911,사업보고서 (2023.12),20240320,0,6767,2499,2074,11342,https://dart.fss.or.kr/dsaf001/main.do?rcpNo=20240320000911,SUCCESS,
남광토건,001260,00107066,2024,2025,20250318000968,사업보고서 (2024.12),20250318,0,6597,2413,2071,11083,https://dart.fss.or.kr/dsaf001/main.do?rcpNo=20250318000968,SUCCESS,
백광산업,001340,00122472,2022,2023,20230315000818,사업보고서 (2022.12),20230315,0,5386,3587,1259,10234,https://dart.fss.or.kr/dsaf001/main.do?rcpNo=20230315000818,SUCCESS,
백광산업,001340,00122472,2023,2024,20240320001979,사업보고서 (2023.12),20240320,0,5769,6605,2140,14516,https://dart.fss.or.kr/dsaf001/main.do?rcpNo=20240320001979,SUCCESS,
PKC,001340,00122472,2024,2025,20250318001326,사업보고서 (2024.12),20250318,0,7523,6723,2016,16264,https://dart.fss.or.kr/dsaf001/main.do?rcpNo=20250318001326,SUCCESS,
삼성제약,001360,00126414,2022,2023,20230320001021,사업보고서 (2022.12),20230320,0,10966,1958,1489,14415,https://dart.fss.or.kr/dsaf001/main.do?rcpNo=20230320001021,SUCCESS,
삼성제약,001360,00126414,2023,2024,20240320002024,사업보고서 (2023.12),20240320,0,14947,1864,1538,18351,https://dart.fss.or.kr/dsaf001/main.do?rcpNo=20240320002024,SUCCESS,
삼성제약,001360,00126414,2024,2025,20250319000845,사업보고서 (2024.12),20250319,0,14728,1932,1510,18172,https://dart.fss.or.kr/dsaf001/main.do?rcpNo=20250319000845,SUCCESS,
SG글로벌,001380,00152039,2022,2023,20230314000627,사업보고서 (2022.12),20230314,0,8431,3920,1581,13934,https://dart.fss.or.kr/dsaf001/main.do?rcpNo=20230314000627,SUCCESS,
SG글로벌,001380,00152039,2023,2024,20240319000089,사업보고서 (2023.12),20240319,0,7780,3968,1403,13153,https://dart.fss.or.kr/dsaf001/main.do?rcpNo=20240319000089,SUCCESS,
SG글로벌,001380,00152039,2024,2025,20250319000355,사업보고서 (2024.12),20250319,0,7680,4052,1750,13484,https://dart.fss.or.kr/dsaf001/main.do?rcpNo=20250319000355,SUCCESS,
태원물산,001420,00154055,2022,2023,20230316000393,사업보고서 (2022.12),20230316,0,5630,6736,3248,15616,https://dart.fss.or.kr/dsaf001/main.do?rcpNo=20230316000393,SUCCESS,
태원물산,001420,00154055,2023,2024,20240320000726,사업보고서 (2023.12),20240320,0,7313,6531,3344,17190,https://dart.fss.or.kr/dsaf001/main.do?rcpNo=20240320000726,SUCCESS,
태원물산,001420,00154055,2024,2025,20250320001049,사업보고서 (2024.12),20250320,0,6432,6770,2923,16127,https://dart.fss.or.kr/dsaf001/main.do?rcpNo=20250320001049,SUCCESS,
한신공영,004960,00162063,2022,2023,20230315001227,사업보고서 (2022.12),20230315,0,10302,5989,1407,17700,https://dart.fss.or.kr/dsaf001/main.do?rcpNo=20230315001227,SUCCESS,
한신공영,004960,00162063,2023,2024,20240321001712,사업보고서 (2023.12),20240321,0,11373,6133,1410,18918,https://dart.fss.or.kr/dsaf001/main.do?rcpNo=20240321001712,SUCCESS,
한신공영,004960,00162063,2024,2025,20250320000724,사업보고서 (2024.12),20250320,0,11094,6224,1752,19072,https://dart.fss.or.kr/dsaf001/main.do?rcpNo=20250320000724,SUCCESS,
디아이동일,001530,00118345,2022,2023,20230316001325,사업보고서 (2022.12),20230316,0,9095,1911,1790,12798,https://dart.fss.or.kr/dsaf001/main.do?rcpNo=20230316001325,SUCCESS,
디아이동일,001530,00118345,2023,2024,20240314001589,사업보고서 (2023.12),20240314,0,9329,2045,1600,12976,https://dart.fss.or.kr/dsaf001/main.do?rcpNo=20240314001589,SUCCESS,
디아이동일,001530,00118345,2024,2025,20250320001320,사업보고서 (2024.12),20250320,0,7912,1733,1758,11405,https://dart.fss.or.kr/dsaf001/main.do?rcpNo=20250320001320,SUCCESS,
