stock_code,fiscal_year,seed_tfidf_E,seed_tfidf_S,seed_tfidf_G,expanded_tfidf_S,expanded_tfidf_G,g_signal_ratio,esg_signal_ratio,total_tokens,log_tokens,specificity,cosine_E,cosine_S,cosine_G,esg_year,esg_grade,esg_grade_num,e_grade_num,s_grade_num,g_grade_num
000020,2022,0.0,0.018197575223124485,0.0210431807675484,0.05947099577043388,0.0210431807675484,0.016699801192842943,0.016302186878727636,2515,7.830425617820331,0.0,0.004090626359254087,0.00977695616721533,0.009705862636609542,2023,C,1,1,2,1
000020,2023,0.0,0.006189771253218518,0.018413089089944726,0.0603620357492077,0.018413089089944726,0.01568477429227238,0.014919663351185922,2614,7.869019376499024,0.0,0.0035793575324305415,0.006853765909681823,0.008492770907441027,2024,C,1,2,2,1
000020,2024,0.0,0.015590390836983515,0.01802830369413608,0.05979056239981723,0.01802830369413608,0.01646542261251372,0.01609952433223564,2733,7.913521017283895,0.0,0.004591886682011841,0.009044935993929411,0.008315294211425005,2025,C,1,2,1,1
000040,2022,0.0,0.009585778997991732,0.0,0.009585778997991732,0.0,0.006264236902050114,0.006264236902050114,1756,7.471363088187097,0.0,0.00570656357308778,0.003899543340493538,0.0,2023,D,0,0,0,0
000040,2023,0.005192501048261377,0.008919392939413955,0.0,0.008919392939413955,0.0,0.005747126436781609,0.006269592476489028,1914,7.557472901614746,0.0,0.007499680333357066,0.003628454124116955,0.0,2024,D,0,0,0,0
000040,2024,0.01139614791692363,0.02129200565780809,0.0,0.02129200565780809,0.0,0.005411255411255411,0.007034632034632035,1848,7.522400231387125,0.0,0.012893247661646116,0.005284103092659168,0.0,2025,D,0,1,0,0
000050,2022,0.011501427550630623,0.036809871000577137,0.0135623411490594,0.036809871000577137,0.0135623411490594,0.013662406346408109,0.015425297487880123,2269,7.727535110475448,0.0,0.002513006185764213,0.012083841152853438,0.0,2023,C,1,1,0,1
000050,2023,0.020355041634272365,0.03012025660929706,0.01249083916733426,0.03012025660929706,0.01249083916733426,0.013452914798206279,0.015083571137382797,2453,7.805474625270857,0.0,0.0034716966356955928,0.01044041504440615,0.0,2024,C,1,1,0,1
000050,2024,0.03616786858800457,0.028716188062791304,0.011908573397762336,0.028716188062791304,0.011908573397762336,0.01184640522875817,0.014297385620915032,2448,7.803435056952168,0.0,0.0066197240468942415,0.007531837021683934,0.0,2025,C,1,1,0,1
000070,2022,0.14590612004568054,0.013333569589874986,0.003227642697702544,0.023058076212027403,0.003227642697702544,0.013701201201201201,0.02177177177177177,5328,8.580918882296782,0.00037537537537537537,0.0626189183822536,0.018163374506446523,0.029191977579247883,2023,B+,3,4,4,3
000070,2023,0.21784471041926018,0.012770955367008306,0.0030914512843065265,0.03139931129234002,0.0030914512843065265,0.012434061793519217,0.024114544084400905,5308,8.57715877258367,0.00037678975131876413,0.06305425601973236,0.018801397938524148,0.02929165147512278,2024,A,4,4,5,3
000070,2024,0.2054107717621898,0.009810661634102333,0.0031664749307628625,0.028891092349064243,0.0031664749307628625,0.012873911397198031,0.023475956077243468,5282,8.572249397164315,0.0003786444528587656,0.06341101200494184,0.017934623798989517,0.032730004558922485,2025,B+,3,4,4,2
000080,2022,0.03627259691192429,0.033479823151615365,0.004444035256259237,0.06671964276598136,0.004444035256259237,0.019746955185053802,0.020338181388199126,8457,9.042868018032435,0.001064207165661582,0.0132953411516444,0.007836391177305186,0.004541719275828371,2023,B,2,4,4,1
000080,2023,0.028759382258167644,0.019896985183067924,0.004833867662055074,0.05647541468790878,0.004833867662055074,0.02088137330258775,0.020368946963873945,7806,8.962776046120291,0.001409172431462977,0.012497549164997176,0.005685145028635519,0.004940120559718248,2024,B+,3,4,4,2
000080,2024,0.02293394858706257,0.012557968619177753,0.004559907854364775,0.04386076871066602,0.004559907854364775,0.019901128153124604,0.019267334262897704,7889,8.97335141383992,0.0012675877804537963,0.010906312076991852,0.004933887333079622,0.004660138861184954,2025,B,2,3,4,1
000100,2022,0.015200812017613662,0.05214117966202184,0.08412848201213062,0.08388749256422857,0.08412848201213062,0.012531328320802004,0.01364522417153996,7182,8.879472402074802,0.0004177109440267335,0.01574543847181609,0.006786159357503708,0.022430731628235404,2023,A,4,3,5,4
000100,2023,0.022659892044524906,0.05299757943377975,0.013919465042733836,0.08526531389376163,0.013919465042733836,0.01350974930362117,0.01532033426183844,7180,8.879193928110318,0.0002785515320334262,0.01740455655604277,0.0063476531444409765,0.02161724257883247,2024,A,4,3,5,4
000100,2024,0.022289559934132966,0.05868484237896567,0.013691978307374569,0.1270236413335769,0.013691978307374569,0.012932723709993469,0.014369693011103853,7655,8.94324493313279,0.0002612671456564337,0.020621374741404262,0.006663989527344932,0.031727257288393707,2025,A,4,3,5,4
000120,2022,0.02206120373256686,0.030365158884705583,0.015357643628562585,0.03509882432673982,0.015357643628562585,0.02002129925452609,0.018956336528221512,4695,8.454466361507933,0.0008519701810436634,0.009123325665867914,0.01581601118815604,0.00715934045253757,2023,A,4,4,5,3
000120,2023,0.03393691432112238,0.03285045428964478,0.015010402483763886,0.03747709006964617,0.015010402483763886,0.020552344251766216,0.01969599657460929,4671,8.449342524508063,0.0008563476771569257,0.00904400070928767,0.01506942959794953,0.006997465516846305,2024,A,4,4,5,3
000120,2024,0.030775219679652653,0.014844128740961436,0.01619865346239374,0.014844128740961436,0.01619865346239374,0.02359046945034206,0.021939136588818117,4239,8.352318548226004,0.0007077140835102619,0.009128194345717528,0.009606084283336706,0.01040628210793864,2025,B,2,4,5,1
000140,2022,0.04297185737671299,0.03341453713312225,0.0014436993024628732,0.06658953873849749,0.0014436993024628732,0.010220615729776892,0.012713448834600523,8023,8.990192329641772,0.0011217748971706345,0.01729787659191736,0.008697658740888797,0.0,2023,B+,3,4,4,2
000140,2023,0.03885859884380132,0.036000896490129934,0.001555444833599651,0.07216169022473144,0.001555444833599651,0.010014122480421106,0.012325073822056746,7789,8.960596138864794,0.0015406342277570933,0.020366048403377735,0.007565574285332388,0.0,2024,B+,3,4,4,2
000140,2024,0.020746529039747184,0.014181479626242648,0.0014937842307958618,0.04568564908820569,0.0014937842307958618,0.009211738386629819,0.00986971969996052,7599,8.935903526274423,0.0013159626266614028,0.01091472298444865,0.0061129009436070945,0.0,2025,C,1,3,4,1
000150,2022,0.33068244604814434,0.03606073237630311,0.006012919373022976,0.03787235403761809,0.006012919373022976,0.00609916054564533,0.018756558237145855,15248,9.632269206115012,0.00013116474291710389,0.09072648743037602,0.012086219706423913,0.0,2023,B+,3,4,5,2
000150,2023,0.3048885000565288,0.07358068344429929,0.004821474551124612,0.0750333368385032,0.004821474551124612,0.004979020979020979,0.0193006993006993,17875,9.791214310053341,5.5944055944055945e-05,0.0771452975106278,0.014791413000149441,0.0,2024,A,4,4,5,3
000150,2024,0.35391389450260463,0.07162742420842258,0.0050731312635926415,0.07315589880082313,0.0050731312635926415,0.004935437589670014,0.02048780487804878,17425,9.765718622791232,0.0,0.07529855086126368,0.01668335619941798,0.00043698332534878795,2025,A,4,4,5,3
000180,2022,0.09518902630799012,0.02055194091950585,0.006608164556648221,0.02055194091950585,0.006608164556648221,0.016029863855950812,0.025032938076416336,4554,8.423980809694058,0.00021958717610891525,0.036894408427713285,0.004073925345083788,0.0,2023,D,0,0,0,1
000180,2023,0.09276800596373397,0.024149603108331245,0.006755001482453647,0.024149603108331245,0.006755001482453647,0.01731115107913669,0.02675359712230216,4448,8.400434630806041,0.0002248201438848921,0.03843885526371498,0.0038424779563477154,0.0,2024,D,0,1,0,0
000180,2024,0.09674943323962619,0.023270119455353948,0.008678662513977926,0.023270119455353948,0.008678662513977926,0.01532830016014642,0.02539464653397392,4371,8.382975849296429,0.00022878059940517045,0.038541274777669395,0.0033259548798893956,0.0,2025,D,0,1,0,0
000210,2022,0.3225231828042305,0.09704165551574222,0.006042360112202038,0.111279053473434,0.006042360112202038,0.008370436331255565,0.0201246660730187,11230,9.326433090963036,0.00017809439002671417,0.056202114380138946,0.031503432143313144,0.0027869511694925166,2023,A,4,4,4,4
000210,2023,0.30641223332902606,0.13494776413883947,0.007728552209012485,0.14467610761276323,0.007728552209012485,0.00866377874041986,0.02024325224925025,12004,9.393078508655353,0.00024991669443518826,0.04890742252279978,0.03539076367631671,0.0051414643470497675,2024,A,4,4,5,4
000210,2024,0.3119169912035486,0.13599008561648052,0.007524942685299891,0.14546213485473508,0.007524942685299891,0.008242692046227056,0.02064921821889871,11768,9.373224234877663,0.0002549286199864038,0.055834906832279485,0.033618058814861976,0.006597708120479525,2025,A,4,5,4,4
000220,2022,0.0,0.03174374655401067,0.024579808455125404,0.3451090636397132,0.024579808455125404,0.021384928716904276,0.01883910386965377,1964,7.583247524303362,0.002036659877800407,0.004447393927255585,0.01321361686732646,0.00789132736408365,2023,D,0,0,1,0
000220,2023,0.0,0.03216359969050843,0.008106472543280917,0.34967358857870895,0.008106472543280917,0.018471010774756286,0.018471010774756286,1949,7.575584651557793,0.0,0.0045062166086433115,0.011981350348678647,0.0,2024,C,1,0,1,1
000220,2024,0.0,0.040788270904785484,0.008156988455999293,0.3602768400941285,0.008156988455999293,0.016324381253291206,0.01685097419694576,1899,7.549609165154532,0.0,0.004534297335948182,0.013368288568199983,0.0,2025,D,0,0,1,0
000230,2022,0.010599571411936778,0.01652710495207194,0.0,0.1158425775834071,0.0,0.0074344023323615165,0.008892128279883381,6860,8.833608482690892,0.00043731778425655976,0.0040741108645370745,0.006070687561797895,0.0016506741278321606,2023,A,4,3,5,3
000230,2023,0.010015215685632396,0.013745946484044256,0.0,0.1348631510203928,0.0,0.007362967002999727,0.008590128170166349,7334,8.900412690577083,0.00040905372238887375,0.004520521528329967,0.0056510562225356165,0.0015596722522492567,2024,B+,3,4,4,3
000230,2024,0.013444980612989257,0.008225899053596192,0.0,0.14809734582466327,0.0,0.01162290142057684,0.012268618166164442,4646,8.443977129084978,0.0006457167455876022,0.004394818252048016,0.007968416994974407,0.0029185877284069834,2025,A,4,4,5,3
000240,2022,0.0891730253559529,0.005511972317335964,0.026685542952425235,0.005511972317335964,0.026685542952425235,0.045326915363016446,0.04332129963898917,2493,7.821643126239982,0.0,0.03238859842613436,0.009788733201206348,0.0022986074462087993,2023,B+,3,3,4,3
000240,2023,0.09117599116928905,0.005723477038011047,0.03325142077104245,0.005723477038011047,0.03325142077104245,0.0500400320256205,0.045636509207365894,2498,7.823645930834952,0.0,0.040828238152860664,0.011283532918583016,0.0023868093271077633,2024,B,2,3,4,1
000240,2024,0.207388868162118,0.005803739754815353,0.028098099481507804,0.005803739754815353,0.028098099481507804,0.05304518664047151,0.0518664047151277,2545,7.842278779117352,0.0003929273084479371,0.08238822603430312,0.011441766628822724,0.004840561108886086,2025,B,2,3,5,1
000250,2022,0.0,0.012550774299589961,0.015882694184292685,0.06706643742743802,0.015882694184292685,0.0136986301369863,0.012644889357218124,2847,7.954372272531867,0.0,0.00287376517976696,0.0036623810289162432,0.005099125953756002,2023,D,0,0,0,0
000250,2023,0.0,0.025359132703492715,0.014098578440129319,0.08757725780015693,0.014098578440129319,0.012385919165580182,0.012385919165580182,3068,8.029107054619736,0.0,0.005481302207330072,0.008392380697393148,0.004526337055977871,2024,D,0,1,0,0
000250,2024,0.0,0.04536726348348956,0.014882443863459195,0.08915218633808498,0.014882443863459195,0.014715947980835045,0.015058179329226557,2922,7.980365765111246,0.0,0.005786056569154117,0.014553513054018998,0.004777996407846918,2025,D,0,0,0,1
000270,2022,0.09121753947958167,0.04270976601830506,0.00554758084371075,0.04270976601830506,0.00554758084371075,0.01935685295035904,0.02138620043709023,6406,8.765146421639022,0.0,0.03741927312772557,0.03154459057066945,0.0,2023,B,2,4,5,1
000270,2023,0.10855396156795026,0.047698316806898115,0.01261482673948344,0.052364928173136774,0.01261482673948344,0.02279773846434434,0.025168703264636147,5483,8.609590040682205,0.0003647638154295094,0.04189128101421898,0.03291567942011242,0.003055442498151951,2024,A,4,5,5,3
000270,2024,0.11102680387770436,0.03335319202269922,0.006248658228842296,0.03335319202269922,0.006248658228842296,0.022957339117859726,0.024765003615328993,5532,8.618485442898109,0.00018076644974692697,0.04340824069914533,0.026552822765509076,0.0,2025,B+,3,5,4,2
000320,2022,0.004010539636211941,0.0794764849820862,0.0,0.08322301302891569,0.0,0.007280513918629551,0.011991434689507495,4670,8.449128460502108,0.00042826552462526765,0.010901567877268672,0.014006513585834327,0.002142227672682193,2023,A,4,4,5,3
000320,2023,0.0042489138481435935,0.08692147720944995,0.0,0.09089068742667343,0.0,0.008053055423969682,0.01350071056371388,4222,8.348301054933943,0.0004737091425864519,0.010464177962732264,0.014509379831518341,0.0022695551347132435,2024,A,4,4,5,3
000320,2024,0.003995708507709018,0.09344253966214648,0.0,0.09717521290539775,0.0,0.007769652650822669,0.013939670932358319,4376,8.384118837190895,0.0004570383912248629,0.009840586654902096,0.016256355884476582,0.002134305633062092,2025,B+,3,4,5,2
000370,2022,0.0,0.007541552769537217,0.01351570853120452,0.007541552769537217,0.01351570853120452,0.036989136057941026,0.027418520434557683,3866,8.260234291607297,0.0002586652871184687,0.0015026192942916244,0.010914304245111143,0.0011641999687246783,2023,A,4,4,4,4
000370,2023,0.0,0.004533594383857987,0.01624990029598119,0.004533594383857987,0.01624990029598119,0.05088,0.03648,3125,8.047509510981422,0.0,0.0,0.0125481858234157,0.00559885806139811,2024,A,4,4,5,3
000370,2024,0.0,0.004542072979158279,0.01628029038309844,0.004542072979158279,0.01628029038309844,0.04454267256035362,0.031281876912614755,2941,7.9868449011613825,0.0,0.0,0.012571653072653623,0.001402332220399157,2025,A,4,5,4,3
000390,2022,0.02600853843773251,0.09544778027989517,0.004633440890740289,0.10940779098908188,0.004633440890740289,0.012326656394453005,0.018049746863306185,4543,8.421562960400987,0.0,0.009110477967401573,0.03164588152599465,0.0,2023,B+,3,3,4,3
000390,2023,0.02494356049351134,0.09486070480492922,0.004226450414336429,0.11396139944114259,0.004226450414336429,0.011644248142943184,0.017466372214414775,4981,8.513586695822125,0.0,0.01123665803137542,0.0309297778349501,0.0,2024,B+,3,3,3,3
000390,2024,0.024681052115609673,0.10157715876787156,0.004181970852453598,0.12047683589629761,0.004181970852453598,0.010634257500949488,0.016710976072920623,5266,8.569216219483389,0.0,0.011505847240621833,0.031158938498087367,0.0,2025,B+,3,3,3,3
000400,2022,0.011930732997325258,0.0,0.030530712292779212,0.03225640553650388,0.030530712292779212,0.039672544080604534,0.02959697732997481,1588,7.370860166536716,0.0,0.0,0.017738209965380232,0.0,2023,B+,3,2,3,3
000400,2023,0.010980027828771909,0.0,0.042146790647577835,0.0,0.042146790647577835,0.0462211118051218,0.03685196752029981,1601,7.379008127628304,0.0,0.0,0.014133416334217785,0.0,2024,B+,3,1,4,3
000400,2024,0.01120766931161695,0.0,0.0788710844573696,0.0,0.0788710844573696,0.05237515225334957,0.040194884287454324,1642,7.404279118037268,0.0,0.0,0.01176695709654649,0.0210556267515547,2025,B+,3,3,4,3
000430,2022,0.0,0.06278991065971226,0.0,0.06278991065971226,0.0,0.022168480451430876,0.024989923417976623,2481,7.8168199657645525,0.0,0.010474704537921372,0.01805418109286256,0.0,2023,C,1,2,3,1
000430,2023,0.0,0.038415170454222804,0.006951694044197331,0.05310442238552228,0.006951694044197331,0.020675944333996023,0.022664015904572565,2515,7.830425617820331,0.0,0.011463285304524532,0.012007062052246754,0.0,2024,B+,3,3,4,3
000430,2024,0.0,0.03721151542337024,0.013467755945659961,0.051440511893675774,0.013467755945659961,0.05056179775280899,0.043820224719101124,2670,7.890208213109961,0.0,0.009856368318354451,0.015544476602663662,0.0,2025,A,4,3,4,4
000480,2022,0.056912272462318024,0.01761167350528128,0.005422267464302846,0.01761167350528128,0.005422267464302846,0.03226857887874837,0.03259452411994785,3068,8.029107054619736,0.0016297262059973925,0.0066718481297890824,0.011512727136079688,0.0,2023,D,0,1,0,0
000480,2023,0.04397655216122304,0.01592933870888068,0.004904311619399632,0.01592933870888068,0.004904311619399632,0.033110474371219355,0.033110474371219355,3141,8.052614818815567,0.0009551098376313276,0.006034527533215548,0.007562674363415428,0.0,2024,C,1,1,2,1
000480,2024,0.0501951993453669,0.015289824220557973,0.004707418427963698,0.015289824220557973,0.004707418427963698,0.029696578437701744,0.030342156229825695,3098,8.038834757787749,0.0012911555842479018,0.005792259611225645,0.008331968508906853,0.0,2025,C,1,3,4,0
000490,2022,0.22963616972387776,0.023724866979609648,0.0,0.023724866979609648,0.0,0.02449979583503471,0.034708044099632504,2449,7.803843303538772,0.0,0.04543639012696485,0.007559340490387078,0.002200720981994932,2023,C,1,2,4,0
000490,2023,0.23769618417616922,0.04467885378950191,0.0,0.04467885378950191,0.0,0.02599448601811737,0.03584088223710122,2539,7.8399193600125825,0.00039385584875935406,0.04703116485920168,0.008742704651275161,0.0022779642270014514,2024,B+,3,3,5,2
000490,2024,0.23699469186684657,0.04454699693016143,0.0,0.04454699693016143,0.0,0.03425961172440046,0.03920822230681385,2627,7.873978379604501,0.0,0.046892365826471924,0.008716903058806173,0.0022712414670560547,2025,A,4,4,5,3
000500,2022,0.20256824869772233,0.0,0.029458549307389843,0.0,0.029458549307389843,0.02532790592492085,0.027137042062415198,2211,7.701652362642226,0.0,0.01455589725883376,0.03353123476250856,0.0,2023,B+,3,3,4,2
000500,2023,0.20206529797561107,0.013663829335191635,0.0,0.013663829335191635,0.0,0.024186046511627906,0.02744186046511628,2150,7.67368812926773,0.0,0.014519756851418628,0.02836908500363247,0.0,2024,B,2,4,4,1
000500,2024,0.15901325267553248,0.0116341566212506,0.016680264630314898,0.0116341566212506,0.016680264630314898,0.02455661664392906,0.027285129604365622,2199,7.696212639346407,0.0,0.012362941688448079,0.02415504248752403,0.0,2025,B+,3,4,5,2
000520,2022,0.0,0.0,0.010043352517678659,0.06051887226321364,0.010043352517678659,0.018631178707224333,0.018250950570342206,2630,7.875119281040293,0.0,0.002791443607561164,0.0037747475574497766,0.0,2023,C,1,0,1,1
000520,2023,0.0,0.0,0.010963106559900168,0.06606109308009712,0.010963106559900168,0.02099400171379606,0.02056555269922879,2334,7.755767170102998,0.0,0.0020313863438048132,0.004120432857076463,0.0,2024,C,1,0,1,2
000520,2024,0.0,0.0,0.011198859659534184,0.0674816856259919,0.011198859659534184,0.020976027397260275,0.02054794520547945,2336,7.756623334538858,0.0,0.0010375348654264797,0.007463344701470182,0.0,2025,C,1,2,1,1
000540,2022,0.0,0.005838265565501774,0.02261220159264696,0.017783423242319327,0.02261220159264696,0.05015002143163309,0.036862408915559364,2333,7.755338812846501,0.0,0.0046572440887028,0.01702526217886852,0.0,2023,B+,3,2,3,3
000540,2023,0.0,0.00685785266265038,0.02656116703851813,0.020889097123984054,0.02656116703851813,0.055796055796055795,0.04040404040404041,2079,7.640123172695364,0.000481000481000481,0.006700978374619419,0.021928151083578703,0.0,2024,B+,3,1,3,3
000540,2024,0.0,0.006452464238913403,0.050433357991124285,0.019654279379575444,0.050433357991124285,0.05596330275229358,0.03944954128440367,2180,7.687538766201629,0.00045871559633027525,0.006304863264772094,0.018816358066410147,0.006162390663363576,2025,B+,3,3,2,3
000590,2022,0.0,0.0,0.03576644148229417,0.0,0.03576644148229417,0.030506721820062047,0.029472595656670115,1934,7.5678626054638825,0.0,0.015845313168884427,0.004143809581593074,0.0025673392037953917,2023,C,1,0,0,2
000590,2023,0.0,0.0,0.0356540125241335,0.0,0.0356540125241335,0.030475206611570247,0.029442148760330578,1936,7.5688956634069955,0.0,0.015795504689833217,0.004130783846441163,0.0025592689776290384,2024,C,1,0,0,2
000590,2024,0.0,0.0,0.005960594989106881,0.0,0.005960594989106881,0.026049973418394472,0.024986709197235512,1881,7.540090320145325,0.0,0.015844041010683797,0.0041434768913341385,0.0,2025,C,1,0,0,2
000640,2022,0.009481851109440838,0.03723701706386694,0.007885347758840849,0.06693404508117375,0.007885347758840849,0.02200374531835206,0.020131086142322098,4272,8.360071435644025,0.0,0.01039067448357707,0.018755697096255665,0.0050941400480583494,2023,A,4,3,5,4
000640,2023,0.021896505409921236,0.04229253648279051,0.007641878093705841,0.09409670982169405,0.007641878093705841,0.018582243633860976,0.017894012388162423,4359,8.38022733634308,0.00022941041523285156,0.013615812769343998,0.020806925845550887,0.004936852302535522,2024,A+,5,4,5,5
000640,2024,0.00499724374475657,0.018556232471593607,0.007187019239533917,0.07810374516711746,0.007187019239533917,0.01983273596176822,0.017443249701314216,4185,8.339500903005945,0.00023894862604540023,0.006807065577724177,0.01343230828551627,0.004643001634674582,2025,A,4,4,5,4
000650,2022,0.019341007195961622,0.016611459624315022,0.0,0.016611459624315022,0.0,0.04277286135693215,0.045722713864306784,678,6.520621127558696,0.0,0.0029803392304917557,0.004420611910307692,0.006927325208937537,2023,D,0,1,0,0
000650,2023,0.019277028111556457,0.016556509746750273,0.0,0.016556509746750273,0.0,0.047058823529411764,0.05,680,6.523562306149512,0.0,0.0029704804173879855,0.004405988747218693,0.006904409963637531,2024,D,0,1,0,0
000650,2024,0.01967194288969919,0.01689569119814506,0.0,0.01689569119814506,0.0,0.039938556067588324,0.043010752688172046,651,6.480044561926653,0.0,0.0030313345391032977,0.004496251108125049,0.007045855704818033,2025,C,1,1,0,1
000660,2022,0.19686559641104934,0.025522939414288362,0.004611763867045377,0.07105625068556817,0.004611763867045377,0.02753121709041673,0.03159319993982248,6647,8.802071336535285,0.00045133142771174966,0.06757458709799453,0.014681907312504966,0.0029793195843473793,2023,A,4,4,5,4
000660,2023,0.1719491107799182,0.04370507994798491,0.00216621069757772,0.0910576638879525,0.00216621069757772,0.025112107623318385,0.028400597907324365,6690,8.808518618782816,0.00014947683109118088,0.05824271057370973,0.016797162917638067,0.0027988570712536858,2024,B+,3,4,5,2
000660,2024,0.2154817138073845,0.0429677756195953,0.002221590513299047,0.09153094234149468,0.002221590513299047,0.027714748784440843,0.03354943273905997,6170,8.727616178321068,0.00016207455429497568,0.06471874697955171,0.01641550084035633,0.004784017797014609,2025,A,4,4,5,3
000670,2022,0.07576583948758948,0.0200401301927517,0.0027570627935283834,0.039257570529083075,0.0027570627935283834,0.011737089201877934,0.012979839823253245,7242,8.887790764195326,0.00013808340237503452,0.0630720538040734,0.016749884944107403,0.017811343799996434,2023,B+,3,3,3,2
000670,2023,0.07718799673576199,0.018199605502829685,0.0028088140426665302,0.03777776542268936,0.0028088140426665302,0.009088366890380313,0.011325503355704697,7152,8.875287128108384,0.00013982102908277405,0.06472402661550905,0.018181654018416964,0.01935538170611548,2024,B,2,1,2,3
000670,2024,0.05211999133633713,0.026861060768061322,0.021570964854703376,0.054011463959543315,0.021570964854703376,0.01105379513633014,0.012527634487840826,6785,8.822616945344176,0.00014738393515106854,0.062277272769500236,0.017842441132978955,0.029441941565197912,2025,B,2,2,4,1
000680,2022,0.0437604978217325,0.03573569253976984,0.02959257668822236,0.03573569253976984,0.02959257668822236,0.03285111512959614,0.03496081977094635,3318,8.107418811719974,0.0003013863773357444,0.01764170024718576,0.011321873363845134,0.00509802009644858,2023,B+,3,2,4,3
000680,2023,0.023453454127452728,0.020588299211113242,0.021201231619884874,0.020588299211113242,0.021201231619884874,0.023606427296171396,0.024399920650664552,5041,8.525558107747866,0.00019837333862328903,0.013882531432020185,0.008518220788746547,0.007304825531509129,2024,B+,3,2,4,3
000680,2024,0.030731801260055047,0.016328272337561702,0.01681437986846152,0.016328272337561702,0.01681437986846152,0.01798257937622928,0.01798257937622928,7118,8.870522545103873,0.0004214667041303737,0.013641508861936807,0.013424237708323506,0.0130350328468639,2025,C,1,2,3,1
000700,2022,0.0,0.06614255431647267,0.06737047600953694,0.06614255431647267,0.06737047600953694,0.028299750962191533,0.028526148969889066,4417,8.393442383980062,0.0,0.016966952449544593,0.04707399365514682,0.0,2023,B+,3,3,4,3
000700,2023,0.00810244833595191,0.0815695448780768,0.06738596337454038,0.0815695448780768,0.06738596337454038,0.026714964908308807,0.027620556939098935,4417,8.393442383980062,0.0,0.025872484929759187,0.048072786833913944,0.0,2024,B+,3,3,4,3
000700,2024,0.015722398590344668,0.09701270247998212,0.061457508561952166,0.09701270247998212,0.061457508561952166,0.022945804195804196,0.024912587412587412,4576,8.428799040653642,0.0,0.028820228456292445,0.05890533419983698,0.0,2025,B+,3,2,4,3
000720,2022,0.20399952103620853,0.027123321584443298,0.0,0.027123321584443298,0.0,0.020291459140380004,0.026747832503228187,5421,8.598220030058611,0.00018446781036709093,0.026451675940104773,0.014364623679939756,0.0028192904714620655,2023,A,4,4,4,4
000720,2023,0.20927183890985354,0.02930429633933368,0.009592289916232493,0.034007798867037614,0.009592289916232493,0.018913760194343224,0.025334027416276245,5763,8.659386957119413,0.00017352073572791948,0.02241934829780234,0.013561335242328748,0.0057690130312597464,2024,A,4,4,4,3
000720,2024,0.31925666624192,0.017938333412127548,0.0,0.017938333412127548,0.0,0.01773434672457474,0.02859211002533478,5526,8.617400451833262,0.0003619254433586681,0.061464308347814064,0.012011236215850991,0.0026306297816645974,2025,A,4,4,5,4
000760,2022,0.0,0.010154037324597841,0.022362988139341893,0.010154037324597841,0.022362988139341893,0.04537521815008726,0.04421175101803374,1719,7.450079569807499,0.0,0.008694372753338848,0.0054333388402438045,0.007179619018140407,2023,C,1,1,0,1
000760,2023,0.0,0.009999879012480062,0.02202347387567856,0.009999879012480062,0.02202347387567856,0.04983202687569989,0.048712206047032476,1786,7.488293515159428,0.0,0.008562375028125582,0.005350850041158252,0.0070706182419856805,2024,D,0,1,0,0
000760,2024,0.0,0.010363898959127853,0.02282518195386812,0.010363898959127853,0.02282518195386812,0.04706565950029053,0.04590354445090064,1721,7.451241684987676,0.0,0.008874066329292999,0.00554563401245149,0.007328005963577344,2025,D,0,0,0,0
000810,2022,0.0,0.0067212639961153975,0.011074179429692126,0.012977238244496434,0.011074179429692126,0.018338870431893688,0.014219269102990033,7525,8.926118971153382,0.0014617940199335548,0.0,0.019220207545418123,0.0,2023,A,4,4,5,4
000810,2023,0.0,0.00779977596628746,0.011230941460307722,0.019078943130764157,0.011230941460307722,0.018602976476236197,0.014882381180988958,8332,9.027978814382207,0.0009601536245799327,0.0014905107742986053,0.0194292409911638,0.0,2024,B+,3,4,4,3
000810,2024,0.0,0.008055692936293832,0.010310611333884114,0.013880315825904887,0.010310611333884114,0.01841182364729459,0.014529058116232466,7984,8.985320060649112,0.000125250501002004,0.0020703130135567415,0.019545332439303148,0.0,2025,A,4,4,5,4
000850,2022,0.0,0.024602062942921138,0.007301275023961506,0.024602062942921138,0.007301275023961506,0.015342960288808664,0.017148014440433214,3324,8.109224953089955,0.0,0.007126656249162178,0.011531058024607016,0.0,2023,C,1,0,1,1
000850,2023,0.014103479700875294,0.03780942199255282,0.007571620293028813,0.03780942199255282,0.007571620293028813,0.015983112183353437,0.018998793727382387,3316,8.106816038947052,0.0,0.014602611007879941,0.014970065395501104,0.0,2024,C,1,0,1,1
000850,2024,0.012586441640304796,0.0276729403044821,0.008212634377591043,0.0276729403044821,0.008212634377591043,0.01707891637220259,0.019729093050647822,3396,8.130647968160584,0.0,0.012307980197440315,0.012970387121714291,0.0,2025,C,1,0,1,1
000860,2022,0.03263147177089292,0.03277134358576886,0.009437989844864244,0.09345920014072737,0.009437989844864244,0.017743080198722498,0.018925952211970666,4227,8.349484346990128,0.0,0.01788671863951898,0.010517241819809954,0.0,2023,B+,3,3,3,3
000860,2023,0.019968995833506368,0.18954791833639667,0.009367208803189912,0.25918807256258236,0.009367208803189912,0.016603096253085033,0.02266098272380525,4457,8.402455513945814,0.0,0.010355849536261877,0.05563653945579711,0.0,2024,B+,3,4,3,3
000860,2024,0.01616275124235041,0.18031360479831987,0.025835789667432236,0.2523417997013165,0.025835789667432236,0.021004566210045664,0.025799086757990867,4380,8.385032287813898,0.0,0.008975980603401825,0.055905451952478424,0.0,2025,B+,3,3,4,3
000880,2022,0.3281557346081151,0.12135151978670847,0.016611014742188138,0.1305697322701583,0.016611014742188138,0.007093488541287741,0.018443070207348127,27490,10.221613957361983,0.00018188432157148054,0.0920480308827871,0.04142619234059967,0.0012711088662163742,2023,B+,3,3,3,3
000880,2023,0.3034210792646147,0.1337477384438308,0.016551604803982874,0.14296894722654457,0.016551604803982874,0.006507121683175476,0.01771383124864435,27662,10.227851059207252,0.0002530547321234907,0.08901132134721824,0.04340471358740333,0.002318772339827781,2024,B+,3,4,3,3
000880,2024,0.2599280650515882,0.14867390368641722,0.02312561262070781,0.168475537990315,0.02312561262070781,0.006858022213301218,0.01639234577813462,29892,10.30537961825751,0.00013381506757660912,0.08508342677047726,0.05046474243721681,0.0022917286867722964,2025,A,4,4,4,3
000890,2022,0.0,0.011624013523329847,0.015842571167327246,0.03548991236310174,0.015842571167327246,0.01461675579322638,0.014973262032085561,2805,7.939515260662406,0.0,0.005871033460128563,0.006203960964374273,0.0,2023,D,0,0,0,0
000890,2023,0.0,0.009232456233899516,0.013900232619469896,0.030172336638522826,0.013900232619469896,0.013804173354735152,0.014125200642054575,3115,8.044305406990638,0.0,0.0038634226390970835,0.00711550515677806,0.0,2024,D,0,0,0,1
000890,2024,0.0,0.018137513609902716,0.013304208410387777,0.028158516157784107,0.013304208410387777,0.01424674143679903,0.01515610791148833,3299,8.101677747454572,0.0,0.0043140580164553015,0.009621923197493106,0.0,2025,D,0,0,0,1
000910,2022,0.0812760557090317,0.00921356060491526,0.003795142676442436,0.00921356060491526,0.003795142676442436,0.010789149198520346,0.016029593094944512,3244,8.08487062913819,0.0018495684340320592,0.022414677071470077,0.008006155769751604,0.0,2023,C,1,1,1,2
000910,2023,0.0783240458136684,0.01673177579544093,0.003723756422557827,0.01673177579544093,0.003723756422557827,0.00958945160323644,0.014683847767455798,3337,8.11312710422178,0.0017980221756068325,0.021696003210216665,0.009586168255340604,0.0,2024,C,1,1,1,2
000910,2024,0.07169350817197327,0.016857116687931526,0.0037516517851975874,0.016857116687931526,0.0037516517851975874,0.009447466361294017,0.014028056112224449,3493,8.158802490694002,0.0017177211565989122,0.0211633774452292,0.010085517375382446,0.0,2025,C,1,1,1,1
000950,2022,0.0,0.04995040434960146,0.0,0.04995040434960146,0.0,0.01733615221987315,0.019873150105708247,2365,7.768956044538332,0.0,0.006629105674622531,0.0033881042674825364,0.0,2023,D,0,1,1,0
000950,2023,0.018693894426192296,0.04925254183845556,0.0,0.04925254183845556,0.0,0.017439387494683115,0.020416843896214378,2351,7.763021309018518,0.0,0.004431987157232256,0.005050877526873203,0.0,2024,D,0,1,0,0
000950,2024,0.07540001020882106,0.07160948397624348,0.0,0.07160948397624348,0.0,0.021544929059379925,0.027850761954808196,1903,7.55171221535131,0.0,0.004468997594643292,0.009377496221132965,0.0,2025,D,0,1,0,0
000970,2022,0.0,0.00936445630895127,0.009067375040062163,0.023023921881982025,0.009067375040062163,0.01347848626231208,0.01347848626231208,1929,7.5652752818989315,0.0,0.00877542321558159,0.013906213592547985,0.0,2023,D,0,1,0,0
000970,2023,0.0,0.009365351161854458,0.009068241504340623,0.02302612201220413,0.009068241504340623,0.01369141653501843,0.01369141653501843,1899,7.549609165154532,0.0,0.008776261781397062,0.01233357483837573,0.0,2024,D,0,1,0,0
000970,2024,0.0,0.008989648641882437,0.01740891580356194,0.022102400956190323,0.01740891580356194,0.025358851674641147,0.025358851674641147,2090,7.645397699428633,0.0,0.008424191302648234,0.011838798394122925,0.0,2025,D,0,1,0,0
000990,2022,0.200729327362315,0.11319946114619014,0.006344738582536429,0.1306104753191023,0.006344738582536429,0.029357116313638052,0.03641768859160163,2691,7.898039690764619,0.0,0.04041273036714049,0.05982167765208687,0.0,2023,B+,3,4,4,2
000990,2023,0.15529396406920662,0.06538102591361152,0.028813854303492117,0.08119502420930716,0.028813854303492117,0.03519374333451831,0.039459651617490224,2813,7.942362237674335,0.0,0.036705894487447537,0.04516467867507871,0.0,2024,C,1,3,4,0
000990,2024,0.14291906761519307,0.05155797029470112,0.021214213784226187,0.06611179989932023,0.021214213784226187,0.03374540594721016,0.03675242231874373,2993,8.004365564979574,0.0,0.033780915102339715,0.04006024459809108,0.0,2025,B+,3,3,4,3
001020,2022,0.028581810881666926,0.0,0.0050461129254258845,0.0,0.0050461129254258845,0.016159695817490494,0.017110266159695818,2104,7.652070746116482,0.0,0.003740036578135911,0.0036310361230314234,0.0021732802599282036,2023,D,0,1,1,0
001020,2023,0.022937980923666938,0.0,0.0,0.0,0.0,0.01677681748856126,0.01728520589730554,1967,7.584773077612199,0.0,0.0028578464208017284,0.0036994089482690427,0.0022142033756366703,2024,C,1,1,1,1
001020,2024,0.023348176650325105,0.0,0.0,0.0,0.0,0.013850415512465374,0.014404432132963989,1805,7.498869733976931,0.0,0.0038786036890475725,0.00376556480334586,0.0022537995705093025,2025,D,0,1,0,0
001040,2022,0.09798631684740387,0.0421537760535373,0.009453883567267939,0.06503286588369686,0.009453883567267939,0.006840605130453848,0.010567857925893445,22805,10.034778938217304,0.00030695023021267266,0.044737934584736974,0.020902394987347195,0.0063694477534217715,2023,A,4,4,5,3
001040,2023,0.08799968433719273,0.03994727086303664,0.007193226717692831,0.06050779894571795,0.007193226717692831,0.005369951286870469,0.008898776418242492,26071,10.168617220517397,0.00019178397453108818,0.03804333115064678,0.019343578181160545,0.0036583966790118606,2024,A,4,4,5,4
001040,2024,0.07556632011226216,0.043962502660305866,0.007371225079586392,0.06131369416643197,0.007371225079586392,0.0066046474165357815,0.009423704240666908,24831,10.119888422982946,0.00028190568241311266,0.036972461260035436,0.017557347861510097,0.008355214541417999,2025,B+,3,4,5,2
001060,2022,0.004328752599403244,0.014871386644982948,0.021599402404217122,0.047409612122024526,0.021599402404217122,0.011409013120365089,0.011979463776383342,3506,8.162516250140179,0.0002852253280091272,0.005336289288507534,0.0033460913299056443,0.004651258856575135,2023,B+,3,2,4,3
001060,2023,0.0,0.023694122832391692,0.02676618261202237,0.05825555858844808,0.02676618261202237,0.011901219875037191,0.01309134186254091,3361,8.120291313968561,0.0002975304968759298,0.00724318402517167,0.004784457064613121,0.006587295682723934,2024,B+,3,3,4,3
001060,2024,0.0,0.024917734615583106,0.04825447147257483,0.06126399187924603,0.04825447147257483,0.02324352879027998,0.02324352879027998,1893,7.546446273746024,0.0005282620179609086,0.009273664124619573,0.006181542906228682,0.0,2025,B+,3,3,4,3
001070,2022,0.041796408494731,0.058865659345617674,0.04344869111625393,0.058865659345617674,0.04344869111625393,0.03714710252600297,0.04011887072808321,2019,7.61085279039525,0.0,0.009498863949005544,0.017807064444721077,0.0,2023,C,1,1,0,2
001070,2023,0.012785807855953712,0.0,0.03189900584545033,0.0,0.03189900584545033,0.0367913148371532,0.03618817852834741,1658,7.413970290190444,0.0,0.001970220286903417,0.009099556820657318,0.0,2024,C,1,1,0,1
001070,2024,0.0,0.0,0.03182709600814087,0.0,0.03182709600814087,0.03426791277258567,0.03302180685358255,1605,7.381501894506707,0.0,0.001965778824966282,0.009079043715837313,0.0,2025,D,0,1,0,0
001080,2022,0.3210018804854364,0.0,0.030206436701518336,0.0,0.030206436701518336,0.02376103190767142,0.03598099117447386,1473,7.295735072749282,0.0,0.0896831825883387,0.022630101253409415,0.014377625290311134,2023,C,1,1,1,3
001080,2023,0.37900064821629226,0.025198306432904105,0.03215278558397568,0.025198306432904105,0.03215278558397568,0.026390870185449358,0.04136947218259629,1402,7.246368080102461,0.0,0.09546190994803608,0.02363832312284326,0.015304046211544159,2024,D,0,1,0,0
001080,2024,0.3315274295229949,0.0,0.029581611391743305,0.0,0.029581611391743305,0.028668941979522185,0.041638225255972695,1465,7.290292882446597,0.0,0.09311829108123225,0.017696023618746344,0.014080221651986706,2025,D,0,0,0,0
001120,2022,0.029467882737802195,0.03946452731528943,0.027185004908662734,0.046464076476856096,0.027185004908662734,0.01937984496124031,0.01765719207579673,6966,8.848939995030118,0.0002871088142405972,0.021452238295990956,0.010657827119709272,0.0028533155574520528,2023,B+,3,3,5,2
001120,2023,0.04854109643312196,0.043874887691527385,0.024112788239732112,0.050083407692664804,0.024112788239732112,0.017986577181208052,0.01785234899328859,7450,8.916103530553727,0.00013422818791946307,0.02547750829204538,0.010197527756849853,0.003796287367749404,2024,A,4,3,5,3
001120,2024,0.04563795075005537,0.03094897448874684,0.020304535598423143,0.03094897448874684,0.020304535598423143,0.016466030164660302,0.016050920160509203,7227,8.885717651712119,0.0001383700013837,0.026386127165642533,0.010686139912509121,0.01154825669452625,2025,A,4,3,4,4
001130,2022,0.0,0.03959756734727543,0.0,0.03959756734727543,0.0,0.011662904439428141,0.013167795334838224,2658,7.88570539124302,0.0,0.0057738798961258515,0.007179429962851033,0.0,2023,D,0,1,0,0
001130,2023,0.0,0.04277117463110953,0.0,0.04277117463110953,0.0,0.011845624761176921,0.013374092472296522,2617,7.870165946469845,0.0,0.006236636285517765,0.007754836300923682,0.0,2024,C,1,1,1,1
001130,2024,0.0,0.03575546917474891,0.0,0.03575546917474891,0.0,0.012825348924933987,0.013956997359486986,2651,7.883069351305753,0.0,0.005033178411078,0.0066199746600265385,0.0,2025,C,1,1,1,1
001140,2022,0.0,0.044963726935595125,0.005561359187795061,0.044963726935595125,0.005561359187795061,0.025588952071486596,0.028025995125913892,2462,7.809135398120538,0.0012185215272136475,0.004018231541614414,0.019201923018793615,0.002395188597604618,2023,D,0,1,0,0
001140,2023,0.0,0.02070898726174298,0.007056160160149504,0.02070898726174298,0.007056160160149504,0.027267668336115748,0.028937117417918753,1797,7.494430215031565,0.001669449081803005,0.005098265434899393,0.010707914851755089,0.00303897550720201,2024,D,0,1,0,0
001140,2024,0.0,0.02733997718167077,0.009315533170716,0.02733997718167077,0.009315533170716,0.03462897526501767,0.03674911660777385,1415,7.255591274253665,0.0021201413427561835,0.008456825794825325,0.014136574812187025,0.004012051384861704,2025,D,0,1,0,0
001200,2022,0.0,0.019885965741516676,0.017610468411569033,0.019885965741516676,0.017610468411569033,0.04249084249084249,0.028205128205128206,2730,7.912423121473705,0.0,0.004241345640184929,0.034969710465129665,0.002528182512795037,2023,B,2,1,2,2
001200,2023,0.0,0.01971179876637323,0.017456230892809826,0.01971179876637323,0.017456230892809826,0.04439511653718091,0.029966703662597113,2703,7.902487437162855,0.0,0.004204198722087478,0.03216732055110125,0.00250603996731409,2024,C,1,2,0,1
001200,2024,0.0,0.014988260219678473,0.013273194099493272,0.014988260219678473,0.013273194099493272,0.058079169370538614,0.04282933160285529,3082,8.03365842788615,0.0,0.0031967465378848654,0.024459065187505662,0.0019055175834634893,2025,B+,3,2,4,2
001210,2022,0.06293341342613251,0.007351615400898503,0.00609282747530367,0.007351615400898503,0.00609282747530367,0.019890795631825272,0.0249609984399376,2564,7.84971375760487,0.0,0.006303732613021369,0.0033061121952565747,0.0,2023,D,0,1,1,0
001210,2023,0.09055127621797807,0.006107651449153217,0.007521674695165021,0.006107651449153217,0.007521674695165021,0.017543859649122806,0.02422723475355054,2394,7.781138509845015,0.0,0.007782039828410884,0.006333676473404857,0.0,2024,D,0,1,0,0
001210,2024,0.11967001813976508,0.0,0.006702094897002631,0.0,0.006702094897002631,0.013567438148443736,0.02274541101356744,2506,7.826842098158293,0.0,0.01501664115351976,0.005456126539059851,0.0,2025,D,0,1,1,0
001230,2022,0.05957167264028237,0.01864169679702954,0.03158802696750091,0.01864169679702954,0.03158802696750091,0.022243256034074774,0.022953147184098438,4226,8.34924780056679,0.0,0.02510355718704676,0.01719849952465537,0.0,2023,A,4,4,4,3
001230,2023,0.056952125129105885,0.007779823027317818,0.003766506607894171,0.007779823027317818,0.003766506607894171,0.007832898172323759,0.009511376352107423,5362,8.587278798982926,0.0001864975755315181,0.02863605094738853,0.016300012781164983,0.0,2024,A,4,3,5,3
001230,2024,0.07619526745103655,0.008039427130033338,0.023353144642978187,0.008039427130033338,0.023353144642978187,0.010077519379844961,0.011821705426356589,5160,8.548885638148727,0.0001937984496124031,0.037800395503316805,0.017495552369841773,0.0,2025,B+,3,3,4,3
001250,2022,0.15707493974372652,0.00987913792527855,0.0,0.02707637525229687,0.0,0.020500595947556616,0.024553039332538735,4195,8.341886969516187,0.0,0.018592874989596147,0.003091484720594343,0.0,2023,B+,3,3,3,3
001250,2023,0.16019668956660055,0.016307410532529966,0.008049587567673306,0.024811986465593926,0.008049587567673306,0.021145165122356854,0.025421715371822286,4209,8.345217926676428,0.00023758612497030174,0.01838952549832632,0.004658765389102086,0.0,2024,B+,3,3,4,3
001250,2024,0.03959811632242015,0.013704061726342375,0.00907862070115139,0.023295835027933462,0.00907862070115139,0.024599226091763404,0.022940851299060254,3618,8.193953023563742,0.0002763957987838585,0.012853025270564498,0.005173142646777014,0.0,2025,A,4,3,4,4
001260,2022,0.012997039842341268,0.08953104581494883,0.021617335646692038,0.08953104581494883,0.021617335646692038,0.028953229398663696,0.030066815144766147,1796,7.493873886783559,0.0,0.010460649761085666,0.025689461964710357,0.0,2023,D,0,1,0,0
001260,2023,0.0,0.07861487017910324,0.0,0.07861487017910324,0.0,0.025655326268823202,0.025655326268823202,1793,7.492203042618741,0.0,0.010493569409993915,0.029671831073812036,0.0,2024,D,0,0,0,0
001260,2024,0.0,0.0872754186379879,0.0,0.0872754186379879,0.0,0.025959367945823927,0.02652370203160271,1772,7.480428306074208,0.0,0.010197106253076797,0.02504224682227952,0.0,2025,D,0,1,0,0
001270,2022,0.009107241539915878,0.015343553435061254,0.03786906472012348,0.023345462445152152,0.03786906472012348,0.05550069128974916,0.0323918625320956,5063,8.529911963824013,0.0,0.0036649754557307353,0.01431698030633651,0.013047681181053535,2023,C,1,0,2,1
001270,2023,0.004443471864988701,0.008971179447098417,0.036953038502338706,0.01677952786889001,0.036953038502338706,0.051418777375737953,0.028756427347171966,5251,8.566364235422688,0.0,0.0035763222600471607,0.013029045743722113,0.012732066889243719,2024,C,1,0,2,1
001270,2024,0.004687396142804473,0.015794313321591067,0.03898157463436714,0.02403130083632407,0.03898157463436714,0.05689277899343545,0.03341953451362642,5027,8.522777569710138,0.0,0.0037726443818078435,0.013029439149664729,0.0050366225194992875,2025,C,1,0,1,2
001290,2022,0.0,0.0,0.0,0.0,0.0,0.032885906040268455,0.026174496644295303,1490,7.307202314764738,0.0006711409395973154,0.0023647358602323807,0.023120170492698554,0.0,2023,D,0,0,1,0
001290,2023,0.0,0.017576366805633802,0.0,0.017576366805633802,0.0,0.044929396662387676,0.03979460847240052,1558,7.351799869057777,0.0,0.0023346728622760647,0.022826242680311352,0.0,2024,C,1,0,1,1
001290,2024,0.0,0.01969570336335273,0.0,0.01969570336335273,0.0,0.0565345080763583,0.05066079295154185,1362,7.217443431696533,0.0,0.0,0.022360565746317486,0.0,2025,B,2,0,2,2
001340,2022,0.09031823663042052,0.05622157515192008,0.007188911598190167,0.05622157515192008,0.007188911598190167,0.019184652278177457,0.02697841726618705,1668,7.419979923661835,0.0005995203836930455,0.032963566822025205,0.010618251869354023,0.0,2023,D,0,1,0,0
001340,2023,0.09957833089244368,0.04610176323258768,0.005894916666852722,0.0549821074238221,0.005894916666852722,0.03293413173652695,0.036783575705731396,2338,7.757478766584179,0.000427715996578272,0.034676172228789985,0.00803519679029496,0.0,2024,D,0,1,0,0
001340,2024,0.08272185573226966,0.058357575350631394,0.005272342519054711,0.06630004831662888,0.005272342519054711,0.02745552977571539,0.031322505800464036,2586,7.8582541821860294,0.0003866976024748647,0.030037023206177852,0.01138133535416877,0.0,2025,D,0,1,0,0
001360,2022,0.0,0.057464328509178465,0.023431005585524696,0.3214849258665826,0.023431005585524696,0.016263736263736263,0.01978021978021978,2275,7.730174795246222,0.00043956043956043956,0.005237847915430671,0.015935007226674312,0.011152663315197583,2023,D,0,0,0,1
001360,2023,0.0,0.049915404473491215,0.0,0.18667800427620587,0.0,0.013976240391334731,0.01816911250873515,2862,7.959625305098115,0.00034940600978336826,0.0032349738078593844,0.010163729295292525,0.0,2024,D,0,0,0,0
001360,2024,0.0,0.05551220076336656,0.0,0.1884073523273224,0.0,0.012946116165150455,0.017844646606018196,2858,7.958227192322312,0.0003498950314905528,0.0031434934340314183,0.01096802787386362,0.0,2025,D,0,0,0,0
001380,2022,0.0,0.036603354244733044,0.007088427340816225,0.036603354244733044,0.007088427340816225,0.019007881316643487,0.02086230876216968,2157,7.67693714581808,0.0,0.006514526431990879,0.009767158161617264,0.0,2023,D,0,1,0,0
001380,2023,0.0,0.03671807038425262,0.007110642709778495,0.03671807038425262,0.007110642709778495,0.017664376840039256,0.019627085377821395,2038,7.620214770574455,0.0,0.0065349431762619006,0.010608095873149431,0.0,2024,D,0,1,0,0
001380,2024,0.0,0.03727497238395448,0.04331093783503933,0.03727497238395448,0.04331093783503933,0.023957834211787255,0.025874460948730235,2087,7.643961949002529,0.0,0.0066340584861001575,0.010768988581915506,0.0,2025,D,0,1,0,0
001390,2022,0.147665190281632,0.05578649203632152,0.0,0.07559965059262518,0.0,0.006404219250329629,0.014126954228668298,10618,9.270400128403846,0.00018835938971557733,0.051914218706393,0.025474854652509166,0.003920440010611524,2023,C,1,1,0,1
001390,2023,0.14184657810795778,0.04627483247319675,0.0,0.05629707854329718,0.0,0.007439502943100066,0.014143230869849576,12232,9.411892497046916,0.00016350555918901244,0.053679442720173665,0.021429875864874184,0.0035816382203465126,2024,C,1,3,2,1
001390,2024,0.20546233351081689,0.07800327091333122,0.0,0.0860167397355515,0.0,0.007122265558758691,0.0175512972697982,11794,9.375430991841775,0.0003391555027980329,0.10170310710195954,0.027556799108551362,0.0038183518292497455,2025,C,1,3,3,0
001420,2022,0.0,0.02001097555881295,0.0,0.03883378031928652,0.0,0.034817813765182185,0.03562753036437247,2470,7.81237820598861,0.0,0.005555443912049053,0.003789805086329619,0.0,2023,D,0,0,0,0
001420,2023,0.0,0.019409871899276745,0.0,0.037667264104475205,0.0,0.036135693215339236,0.03687315634218289,2712,7.905810312658931,0.0003687315634218289,0.005388565607887105,0.0036759642743398996,0.0,2024,D,0,0,0,0
001420,2024,0.0,0.03590434848191528,0.0,0.05663642459985413,0.0,0.035142522452167126,0.036704412338930105,2561,7.848543482456679,0.0003904724716907458,0.006118954508597004,0.00757014742687275,0.0,2025,D,0,0,0,0
001430,2022,0.18007639182180402,0.0,0.05267047324526768,0.0,0.05267047324526768,0.03489439853076217,0.03734312825221916,3267,8.091933455979893,0.0,0.07453624599658393,0.00881474381887222,0.0,2023,A,4,4,4,4
001430,2023,0.220886084742623,0.0,0.04309568818695704,0.0,0.04309568818695704,0.028885037550548817,0.036395147313691506,3462,8.149890544402423,0.0,0.09148619962095395,0.008871513501888063,0.0,2024,A,4,4,3,4
001430,2024,0.21662031059533726,0.0,0.04491541307764914,0.02153291319344359,0.04491541307764914,0.029573789504204116,0.03682226732386199,3449,8.146129510025405,0.0,0.08494801734072922,0.009974696220728543,0.0,2025,A,4,4,4,4
001440,2022,0.2202942388676304,0.019990597593074217,0.00752437784989588,0.019990597593074217,0.00752437784989588,0.032119914346895075,0.035974304068522485,2335,7.756195343948118,0.0008565310492505353,0.02598896719655558,0.025115274713670185,0.0,2023,A,4,4,5,3
001440,2023,0.23752989435595892,0.0,0.006702096018626695,0.0,0.006702096018626695,0.033891547049441785,0.03827751196172249,2508,7.827639546366422,0.0,0.02609991405824539,0.019390028560319357,0.0,2024,A,4,4,5,3
001440,2024,0.23614136461023888,0.0,0.006166306880640597,0.0,0.006166306880640597,0.03133788670148654,0.03656086781840096,2489,7.820037989458753,0.0008035355564483728,0.009872500426113276,0.016066929541883667,0.0,2025,A,4,4,4,3
001450,2022,0.0,0.011283258322002963,0.026564920195024738,0.011283258322002963,0.026564920195024738,0.018674806967139523,0.015263063386604417,5569,8.62515033292133,0.0,0.005288332226065502,0.01556673435956643,0.0012712318817281144,2023,A,4,4,5,4
001450,2023,0.0,0.008533595853455216,0.035150595080128605,0.008533595853455216,0.035150595080128605,0.019423307969563475,0.015618742490989187,4994,8.516192691082654,0.0,0.0076003813367993885,0.015686287506519642,0.006055520004513222,2024,A,4,4,5,4
001450,2024,0.0,0.0036979054645532696,0.03872477773200359,0.0036979054645532696,0.03872477773200359,0.021185577510694643,0.016907720513342838,4909,8.499029220788566,0.0,0.011207381283788285,0.014858557042309107,0.0,2025,A,4,5,4,4
001460,2022,0.0,0.0,0.0,0.0,0.0,0.04686423156443832,0.04066161268090972,1451,7.280697195384741,0.0,0.004541302273576215,0.006709828387684427,0.0,2023,D,0,0,0,0
001460,2023,0.0,0.0,0.0,0.0,0.0,0.053166536356528536,0.04691164972634871,1279,7.154615356913663,0.0,0.002480916912617829,0.005416615435037695,0.0,2024,D,0,0,0,1
001460,2024,0.0,0.0,0.0,0.017832628565192018,0.0,0.04323656578134651,0.03829524397776405,1619,7.3901814282264295,0.0006176652254478073,0.0021934216618276657,0.00613793231956025,0.0,2025,D,0,0,0,1
001500,2022,0.0,0.021837825052974564,0.02348219424230472,0.021837825052974564,0.02348219424230472,0.04777327935222672,0.03603238866396761,2470,7.81237820598861,0.0004048582995951417,0.0014503616727539483,0.011528231475422097,0.022985844674790826,2023,A,4,3,5,3
001500,2023,0.0,0.022119596555588705,0.02378518289343095,0.022119596555588705,0.02378518289343095,0.04991166077738516,0.037544169611307424,2264,7.725330037917135,0.0017667844522968198,0.00146907555963941,0.009167150760784533,0.023282428971860704,2024,B+,3,4,4,3
001500,2024,0.0,0.022921990970495437,0.05751199278601361,0.022921990970495437,0.05751199278601361,0.053009883198562445,0.03998203054806829,2226,7.708410667257367,0.0013477088948787063,0.0015223666773669991,0.010435984902243426,0.0241270054507099,2025,A,4,4,5,3
001510,2022,0.015620186866014787,0.030719005017498073,0.01586480787532047,0.030719005017498073,0.01586480787532047,0.04179878927644855,0.028826751225136928,3469,8.151909872940905,0.0,0.013744406191732445,0.020940873085380635,0.0,2023,B+,3,2,3,3
001510,2023,0.016125424490759734,0.0152310714091894,0.010918638539060374,0.0152310714091894,0.010918638539060374,0.045236668663870584,0.029958058717795086,3338,8.113426639943654,0.0,0.009007220060811758,0.013493156405065371,0.0,2024,B+,3,4,3,3
001510,2024,0.01629356764207681,0.024348346069681587,0.01654873417727794,0.024348346069681587,0.01654873417727794,0.0448318804483188,0.030510585305105854,3212,8.074960359115858,0.0,0.011373408843369473,0.02010590698251287,0.0,2025,A,4,5,5,3
001520,2022,0.07101909475906981,0.03017583051969215,0.008955429396790397,0.03692124355249902,0.008955429396790397,0.02706027060270603,0.028290282902829027,3252,8.087332926473351,0.0003075030750307503,0.009574578069771182,0.008465724538376377,0.0,2023,D,0,0,0,1
001520,2023,0.07312335432527718,0.03106992499181586,0.009220774203586659,0.03801520117340626,0.009220774203586659,0.026949904882688648,0.028218135700697526,3154,8.056743774975313,0.0,0.011566812379559114,0.00871655963991054,0.0,2024,C,1,2,2,1
001520,2024,0.07526009900881031,0.031602893365847026,0.014068418767502372,0.03866730767070855,0.014068418767502372,0.02927289896128423,0.031161473087818695,3177,8.064007347096661,0.0,0.010027375039917984,0.011042756100816413,0.0,2025,B+,3,4,5,2
001530,2022,0.019119824767830203,0.017762598026686578,0.0,0.017762598026686578,0.0,0.02024482109227872,0.021657250470809793,2124,7.661527081358517,0.0009416195856873823,0.0037335931273334046,0.005189947618858201,0.0,2023,D,0,0,0,1
001530,2023,0.029395607886418592,0.009756969064511749,0.0,0.009756969064511749,0.0,0.016309412861136997,0.018173345759552657,2146,7.671826797878781,0.00046598322460391424,0.008562246753543487,0.003244284432994924,0.0,2024,D,0,0,0,1
001530,2024,0.01476470094536492,0.021660746125430178,0.0170815583879499,0.021660746125430178,0.0170815583879499,0.022151898734177215,0.023206751054852322,1896,7.5480289699350145,0.0010548523206751054,0.007107554543973016,0.0029523313307395892,0.0,2025,D,0,0,1,0
001560,2022,0.01264088857989241,0.011281046450662783,0.05660899726592809,0.011281046450662783,0.05660899726592809,0.05894590846047157,0.05894590846047157,1442,7.274479558773871,0.0,0.00899078403324949,0.0036863700188249976,0.0,2023,C,1,1,0,2
001560,2023,0.025197668490286283,0.010898491106106597,0.05468931059955728,0.010898491106106597,0.05468931059955728,0.04666272888363851,0.04725339633786178,1693,7.434847875211999,0.0,0.010133543635377391,0.004451700363048084,0.006729660796713651,2024,C,1,1,0,3
001560,2024,0.014448751551494958,0.012894428771864697,0.06470505074902053,0.012894428771864697,0.06470505074902053,0.05837912087912088,0.05837912087912088,1456,7.284134806195205,0.0,0.008563849759489196,0.005266979867776778,0.007962123468028787,2025,C,1,1,1,1
001630,2022,0.007196994103000472,0.02051453638470931,0.0024829657621894545,0.18135351828465304,0.0024829657621894545,0.005727253079749297,0.007132051004970824,9254,9.132919225007598,0.0004322455154527772,0.006211026649926928,0.006711881480391749,0.0,2023,B+,3,4,4,3
001630,2023,0.005103480240700586,0.031067600299241757,0.0023579795467679816,0.1962429044957328,0.0023579795467679816,0.007679340700505713,0.009271399138415433,10678,9.276034475171546,0.0004682524817381532,0.005461462296412209,0.007077398466923468,0.0020310882764768066,2024,A,4,4,4,4
001630,2024,0.0013946901103242362,0.02816777980576618,0.004723209675298641,0.19415749326369858,0.004723209675298641,0.010883843122537061,0.012009757928316758,10658,9.274159884689137,0.0004691311690748733,0.005157931569618908,0.006388055057407948,0.005140274858209768,2025,A,4,4,4,4
001680,2022,0.016109422148122977,0.007831776739399457,0.020404752116389778,0.05352706591288078,0.020404752116389778,0.023374175306314797,0.022620169651272386,5305,8.576593534697684,0.0007540056550424129,0.014327928855253766,0.012651094108364923,0.004670574696839863,2023,A,4,4,5,3
001680,2023,0.009596584012549099,0.009990827385316902,0.04612558010923576,0.058820529477121346,0.04612558010923576,0.02610828806728579,0.02453127737865779,5707,8.649623978596727,0.0007008936393902226,0.013708370598251814,0.01221751342747753,0.004468612979441297,2024,A,4,4,5,3
001680,2024,0.007515122276981139,0.010025884302897178,0.027370059822825723,0.041977643552548474,0.027370059822825723,0.023804720597135363,0.021989106314303005,4957,8.508757712595136,0.0008069396812588259,0.01439563574117092,0.010916375903289258,0.003850579713461558,2025,B+,3,4,5,2
001720,2022,0.0,0.04295458059163015,0.02271793976916505,0.04295458059163015,0.02271793976916505,0.04506128334534967,0.03352559480894016,2774,7.928406026180535,0.0,0.0,0.03376678284684902,0.007293575948051531,2023,B+,3,2,4,3
001720,2023,0.008046762537792596,0.04820742719150543,0.013867106480232393,0.04820742719150543,0.013867106480232393,0.04144385026737968,0.03141711229946524,2992,8.004031507852698,0.0,0.0,0.03547668590684881,0.006600449526825676,2024,B+,3,3,4,3
001720,2024,0.0,0.03534267046486557,0.02579343538379695,0.03534267046486557,0.02579343538379695,0.03940260565618049,0.0292341912932952,3147,8.054522609537294,0.0,0.0,0.038718009766054065,0.006247438848947407,2025,B+,3,3,4,3
001740,2022,0.03819862135324807,0.007785483487269497,0.012564156835566357,0.014681109205777379,0.012564156835566357,0.013935681470137825,0.01439509954058193,6530,8.784315349902657,0.00015313935681470137,0.01749924447838847,0.023996812390388866,0.004328945378260447,2023,A,4,4,5,4
001740,2023,0.033973356489331356,0.0114918709832731,0.02301825939691734,0.018510306378942673,0.02301825939691734,0.01635036496350365,0.015912408759124086,6850,8.832149906002899,0.00029197080291970805,0.01886443051208787,0.02464139794277869,0.0033045322544649727,2024,A+,5,4,5,5
001740,2024,0.02373449444063824,0.025703150155892855,0.027074015826671252,0.03313270879166215,0.027074015826671252,0.02003470578955671,0.01893043066729768,6339,8.75463404743127,0.0003155071777882947,0.020972788796427774,0.03292023468132359,0.004664138517916534,2025,A,4,4,5,4
001800,2022,0.0037928095838307492,0.009627279725228723,0.009881039666105164,0.03155907774435377,0.009881039666105164,0.018160013705670722,0.016104163097481583,5837,8.67214355141406,0.00034264176803152307,0.0067440535591983194,0.010462985579874389,0.006573419158095542,2023,A,4,4,4,4
001800,2023,0.0035680769197302,0.009883619077718585,0.00684802412596176,0.040832052128707975,0.00684802412596176,0.01814484592523072,0.016111371812920383,6393,8.763115329619787,0.0004692632566870014,0.010574088204772547,0.0074877952440052745,0.0029493346408232994,2024,A,4,4,4,4
001800,2024,0.0035998099089344106,0.009971519867008598,0.006908927598770232,0.037725898104738594,0.006908927598770232,0.025422338855174677,0.022798097424963096,6097,8.7157161275482,0.0,0.005120702274595357,0.006892216279813305,0.0019837098626976995,2025,B+,3,3,4,3
002030,2022,0.16669799255266532,0.01703462255740683,0.01505618027218254,0.023262559845539973,0.01505618027218254,0.011994949494949494,0.023989898989898988,7920,8.97727273946428,0.00012626262626262626,0.032525802899615944,0.010317695586563317,0.00499534177711768,2023,A,4,3,3,4
002030,2023,0.1800860567841723,0.016207708356139383,0.014530724831725319,0.022218292804992157,0.014530724831725319,0.010344435603046494,0.02159827213822894,8797,9.082279701908664,0.00011367511651699443,0.03327454563069483,0.010881412958504923,0.004821006091287773,2024,A,4,4,4,4
002030,2024,0.17998158887450194,0.01557072503386965,0.014522295559208205,0.021577822743079823,0.014522295559208205,0.010585021625312998,0.021739130434782608,8786,9.081028635495842,0.00011381743683132256,0.030355526590021772,0.011186458008140849,0.004818209425971989,2025,B+,3,3,4,3
002320,2022,0.04817132378386606,0.051232933899125824,0.03458282711010091,0.059915765373530494,0.03458282711010091,0.03145631067961165,0.030679611650485435,2575,7.853993087224244,0.0,0.009859237875215882,0.017344876783609464,0.0,2023,A,4,4,4,4
002320,2023,0.03547903159744269,0.05913441958793823,0.03662233853051658,0.0681131547675964,0.03662233853051658,0.03876288659793815,0.03628865979381443,2425,7.793999089503996,0.0,0.01019523253627223,0.027086260867198612,0.011757571777266562,2024,A,4,4,4,4
002320,2024,0.07916523971304416,0.05126332473804737,0.0,0.06032036161750992,0.0,0.0340531561461794,0.03322259136212625,2408,7.786967002614872,0.0,0.010284143058914622,0.022476090374711315,0.0,2025,A,4,4,4,3
002350,2022,0.06552919020189343,0.03620443475265818,0.011921243708705861,0.03620443475265818,0.011921243708705861,0.02176088044022011,0.02501250625312656,3998,8.293799608846818,0.0005002501250625312,0.024030504803701204,0.01331088481047668,0.005498501161605754,2023,B+,3,4,4,2
002350,2023,0.06515444557082091,0.038757058720489124,0.016915675562668823,0.038757058720489124,0.016915675562668823,0.02572765072765073,0.02728690228690229,3848,8.255568653283746,0.0005197505197505198,0.02324401119412146,0.013042283268558814,0.00588617758710859,2024,B,2,4,5,1
002350,2024,0.06541485905639452,0.03891196542967158,0.025023103344738413,0.03891196542967158,0.025023103344738413,0.02701312065860561,0.02907126318497556,3887,8.265650165580329,0.0005145356315924878,0.023336914355536517,0.013690765407484163,0.0017961751730144408,2025,B,2,4,5,1
002600,2022,0.026935739773176842,0.04702367592564553,0.019369445425193196,0.07620260276887786,0.019369445425193196,0.03898840885142255,0.040042149631190724,949,6.856461984594587,0.0,0.019546465670633735,0.010300473332722795,0.0,2023,C,1,1,2,1
002600,2023,0.0274736855758488,0.020403571345978144,0.0,0.05016524369217303,0.0,0.035789473684210524,0.035789473684210524,950,6.85751406254539,0.0,0.019936836948836384,0.010506188729497998,0.0,2024,B,2,3,1,2
002600,2024,0.02558919640208627,0.0634097492644361,0.0,0.14657048248518728,0.0,0.035331905781584586,0.03640256959314775,934,6.840546529288687,0.0,0.021978922212356884,0.009785542827673695,0.0,2025,C,1,2,1,1
002790,2022,0.5003716073761961,0.1415617545946111,0.011348145943346604,0.16070423476655024,0.011348145943346604,0.020564945041957217,0.04810306110388843,8461,9.043340831280013,0.0007091360359295591,0.1255323573000365,0.03280250084662278,0.007237918180692531,2023,A,4,4,5,4
002790,2023,0.11321778204530587,0.01694386232145489,0.035415420324514474,0.024553572249596166,0.035415420324514474,0.031341991341991345,0.029956709956709956,5775,8.661466680572662,0.0,0.00941343776816315,0.01638304104768058,0.004351156853862085,2024,A+,5,4,5,5
002790,2024,0.0923711739923986,0.008896251204096848,0.010283232555515167,0.016641792799703195,0.010283232555515167,0.026997041420118342,0.026072485207100593,5408,8.595819511871428,0.0,0.007370910884045959,0.0128238537573802,0.0,2025,A,4,4,5,4
003240,2022,0.027844056474738664,0.012481918565433231,0.012085937839670767,0.012481918565433231,0.012085937839670767,0.022890331397335154,0.022890331397335154,2927,7.982074875081202,0.0,0.02376390958688014,0.015933873727174613,0.0026026102187813186,2023,C,1,1,1,1
003240,2023,0.027685807301028376,0.012410978711497404,0.006008624253166988,0.012410978711497404,0.006008624253166988,0.024283305227655986,0.022934232715008433,2965,7.994969522697877,0.0,0.021402138144912475,0.01652805635425277,0.0025878185192677893,2024,B,2,3,5,1
003240,2024,0.021393670738689013,0.012976928709215562,0.012565244109487958,0.012976928709215562,0.012565244109487958,0.02744119743406985,0.02565930149679259,2806,7.939871576361883,0.0,0.016557463962447526,0.017281748200272094,0.00811747499151278,2025,B+,3,4,5,2
003280,2022,0.0,0.05801081840300326,0.0,0.05801081840300326,0.0,0.02057142857142857,0.017714285714285714,1750,7.467942332285852,0.0,0.03107719976526676,0.023175805164187685,0.004514625951690713,2023,B,2,2,3,2
003280,2023,0.0,0.043536976894171686,0.01051839751454314,0.043536976894171686,0.01051839751454314,0.021033653846153848,0.018028846153846152,1664,7.417580402414544,0.0,0.03703071297420753,0.023255271130258243,0.004530105850238215,2024,B,2,2,3,2
003280,2024,0.0,0.04198653460157692,0.009344353510054209,0.04198653460157692,0.009344353510054209,0.02068194522079374,0.017887087758524316,1789,7.489970898834801,0.0,0.03462885635252191,0.022196959890476122,0.00402446384480737,2025,C,1,2,3,1
003670,2022,0.2345541443720393,0.07443421112023921,0.006390044507388969,0.07443421112023921,0.006390044507388969,0.020718232044198894,0.03218232044198895,7240,8.88751459738882,0.00013812154696132598,0.06639299927647625,0.016493331455389487,0.0,2023,A,4,4,5,4
003670,2023,0.24354742636594356,0.052705547049418905,0.0077372909521709315,0.052705547049418905,0.0077372909521709315,0.02568552585907671,0.03644567858382506,5762,8.659213451436667,0.00017355085039916696,0.05238484317483638,0.007140944424754676,0.0,2024,A+,5,5,5,4
003670,2024,0.2472442966886495,0.05499458653882282,0.01914730588725983,0.05499458653882282,0.01914730588725983,0.031739314430808296,0.04274227676682184,4726,8.461046030793236,0.00021159542953872197,0.05050875437306066,0.011825167078362666,0.0,2025,A,4,4,5,4
003920,2022,0.02477367798677368,0.0317318592333219,0.0,0.06644612008834103,0.0,0.02603174603174603,0.027936507936507936,1575,7.362645270417825,0.0006349206349206349,0.0,0.011134431129227386,0.00330821182130936,2023,B,2,3,4,1
003920,2023,0.02622188665990577,0.033586826177706884,0.0,0.07033039788751505,0.0,0.02734375,0.029296875,1536,7.337587743538596,0.0,0.0,0.011785322762692058,0.003501601799766985,2024,B,2,4,5,1
003920,2024,0.02583806067890254,0.024821396264697534,0.00801131788558389,0.061027129578665046,0.00801131788558389,0.027096774193548386,0.02838709677419355,1550,7.346655163176539,0.0,0.0,0.010323973015287436,0.003450346687451466,2025,B,2,4,5,1
004370,2022,0.043541540827649106,0.08060797327101188,0.011948735685973912,0.13333867479627018,0.011948735685973912,0.022075557578516158,0.02389622212107419,4394,8.388222810119277,0.0,0.016122913261454423,0.02897996463749926,0.0055111814383148735,2023,B+,3,4,4,2
004370,2023,0.044749328675701465,0.06577420710829662,0.0127461583381726,0.12202399692604496,0.0127461583381726,0.024078254326561323,0.024579884625031353,3987,8.291045131081729,0.0,0.014836102240680018,0.023802358588279404,0.005878981098026816,2024,B,2,4,3,1
004370,2024,0.050489680878319725,0.08701761252095333,0.02557331758070071,0.1441173145880736,0.02557331758070071,0.027000247708694577,0.027991082486995295,4037,8.303504798872783,0.00024770869457517957,0.014279904358187925,0.025837377331451257,0.0059678101952595096,2025,B,2,4,5,0
004540,2022,0.05481799686592812,0.01663277109563584,0.013702355065395777,0.026953665867180114,0.013702355065395777,0.02303455182774161,0.02754131196795193,1997,7.599901959208498,0.0,0.007616849331635932,0.013441872605343266,0.0,2023,B+,3,3,3,2
004540,2023,0.03805977551495904,0.010170877673225791,0.014582314527387808,0.021154575953152375,0.014582314527387808,0.023124357656731757,0.025693730729701953,1946,7.5740450053721995,0.0,0.005404000121708544,0.013132120938967975,0.0,2024,B,2,2,3,2
004540,2024,0.566538678873527,0.0542292886991416,0.017138843323212975,0.0542292886991416,0.017138843323212975,0.01734730755330683,0.04300686664257319,2767,7.92588031673756,0.0,0.09444793338203634,0.022795285725593403,0.0,2025,B,2,2,3,2
004960,2022,0.024627850486837986,0.04480820085759775,0.0,0.059885750268945596,0.0,0.014685792349726777,0.017418032786885244,2928,7.982416346827733,0.0,0.009172920501234347,0.01142536494325324,0.0,2023,D,0,1,1,0
004960,2023,0.032362312889142646,0.04867620081099851,0.0,0.08194847700649874,0.0,0.014534883720930232,0.018410852713178296,3096,8.038189179973203,0.0,0.006277308631520992,0.014803675789148821,0.0,2024,D,0,1,1,0
004960,2024,0.03220116865458042,0.048433823538769696,0.0,0.08154042444715329,0.0,0.019102196752626553,0.021967526265520534,3141,8.052614818815567,0.0,0.009867135562182681,0.014729962670685303,0.0,2025,D,0,1,1,0
005090,2022,0.6759630957114657,0.005216590059174409,0.0,0.037236197642819054,0.0,0.013300270513976555,0.03223624887285843,4436,8.39773375137891,0.0009017132551848512,0.13630041872107235,0.013157839536553764,0.0,2023,B+,3,4,4,2
005090,2023,0.7011209057144638,0.005693681041702917,0.01653915817224648,0.04064168933710982,0.01653915817224648,0.017816238228556883,0.03792313565792823,3929,8.276394704863307,0.0010180707559175363,0.1507680853188646,0.015946371680161768,0.0,2024,B,2,4,3,1
005090,2024,0.6758318682139935,0.005560556425736894,0.016152454199200757,0.02831447966922661,0.016152454199200757,0.015203531142717018,0.03433055419323198,4078,8.313607139317558,0.000980872976949485,0.1533784069456233,0.015573527716753164,0.0023188680329658397,2025,B+,3,3,4,2
005290,2022,0.04129367867036005,0.018170570389049172,0.07164448414254083,0.018170570389049172,0.07164448414254083,0.03395491232952964,0.034789869190091846,3593,8.187021067343505,0.0,0.014681785000508913,0.008361954083152916,0.01661484207967519,2023,B,2,4,4,0
005290,2023,0.03827098655271423,0.01684048690759052,0.06640011685767837,0.01684048690759052,0.06640011685767837,0.03397081026673377,0.034725717161550075,3974,8.287780027088433,0.0,0.01644634327987543,0.007749860089371612,0.021998053880032134,2024,B,2,4,4,1
005290,2024,0.03567187739173742,0.015696793793316087,0.06189066550666576,0.015696793793316087,0.06189066550666576,0.03423423423423423,0.03500643500643501,3885,8.265135629937385,0.0,0.015329417761783131,0.0077660834170254454,0.018453684014809343,2025,B,2,4,5,0
005380,2022,0.1535220264456415,0.09200247221567384,0.011362136475879296,0.09537700463765365,0.011362136475879296,0.023986177457058645,0.02703526781176949,9839,9.1942109900463,0.0003049090354710845,0.08236791435211288,0.03860031406646305,0.004138983959749973,2023,A,4,4,4,3
005380,2023,0.1941330134913825,0.13625546325699406,0.011764401537905186,0.13625546325699406,0.011764401537905186,0.025378632828489563,0.030495292672943104,9772,9.187378760338836,0.00020466639377814163,0.07797315842512657,0.03946074567201812,0.004285520541389139,2024,A,4,5,3,4
005380,2024,0.21111414033798143,0.15250663836972064,0.01493766382095979,0.15250663836972064,0.01493766382095979,0.027202072538860103,0.033246977547495685,9264,9.13399913871946,0.0004317789291882556,0.0658933648778933,0.04094692546440316,0.004545347383154751,2025,A,4,5,3,3
005490,2022,0.393857957832655,0.13733457176569752,0.008545778850877962,0.1384009627168944,0.008545778850877962,0.007417861948993993,0.024058817737223882,30467,10.324432231492679,0.0001312895920175928,0.09892373992890294,0.027593656256601748,0.004661601283725602,2023,A+,5,4,5,5
005490,2023,0.456566603782338,0.13526340186307498,0.00822507480264776,0.13640906744746367,0.00822507480264776,0.007126919106137809,0.024777700069937056,30027,10.309885558692892,9.991008092716555e-05,0.11738450505532178,0.03577197542314037,0.0065508024705541925,2024,A,4,4,5,4
005490,2024,0.42975953099418257,0.13545869973632932,0.020208788057403296,0.13545869973632932,0.020208788057403296,0.008075037906837336,0.02440142459184033,28359,10.252734980646064,3.526217426566522e-05,0.10360106163422562,0.03752274372966428,0.00920544598998061,2025,A+,5,4,5,5
005500,2022,0.0,0.013731127676241076,0.010709962983626016,0.07601751476039796,0.010709962983626016,0.02391904323827047,0.023459061637534497,2174,7.684783943522785,0.0,0.002872970538974105,0.010060498548659494,0.005097715966078759,2023,C,1,0,0,3
005500,2023,0.0,0.013220607125283366,0.01031176872514584,0.08068752290580763,0.01031176872514584,0.024691358024691357,0.024216524216524215,2106,7.653020413804189,0.0004748338081671415,0.0009220513583894287,0.009838605108563641,0.0049081839170736765,2024,B,2,1,2,3
005500,2024,0.0,0.007417149825794192,0.014882401209986334,0.10478838998924345,0.014882401209986334,0.02624936900555275,0.02523977788995457,1981,7.591861714889934,0.0,0.0,0.011342520357310159,0.007083708354335658,2025,B+,3,2,3,3
005610,2022,0.10403128564344966,0.04085238087429208,0.004806595346738474,0.04085238087429208,0.004806595346738474,0.019726376073814826,0.026089723194400255,3143,8.053251153549096,0.0003181673560292714,0.05232393010558646,0.012592122662317028,0.0,2023,D,0,1,1,0
005610,2023,0.07903476746243081,0.03345238374310918,0.003935929035120764,0.041769184340636194,0.003935929035120764,0.029745476847592763,0.034958601655933765,3261,8.09009578318096,0.00030665440049064706,0.039733346763708786,0.007599261720120945,0.02311640535430795,2024,B,2,2,1,2
005610,2024,0.06577872787084715,0.040786023758638185,0.004798787924098741,0.05092608520751674,0.004798787924098741,0.02487405541561713,0.028337531486146095,3176,8.063692634269517,0.00031486146095717883,0.04553811924198894,0.008718350525200893,0.0,2025,B,2,3,4,1
005850,2022,0.06125602868409502,0.06900828884884519,0.02789397911444764,0.06900828884884519,0.02789397911444764,0.029087568891610533,0.030924678505817513,3266,8.09162741160107,0.0,0.02006163302002981,0.023283891813879982,0.0,2023,B+,3,3,4,3
005850,2023,0.06588923049070881,0.0538906787078047,0.01772385654830578,0.0538906787078047,0.01772385654830578,0.020496894409937887,0.02360248447204969,3220,8.0774471493312,0.0,0.029091404081935036,0.020630488829278603,0.0,2024,B,2,3,4,1
005850,2024,0.05773164780291363,0.05292491175511975,0.0,0.05292491175511975,0.0,0.02182725288431556,0.02432179607109448,3207,8.073402968986406,0.0,0.029645145184295695,0.022581286375896903,0.00999544703806847,2025,A,4,3,5,3
005930,2022,0.13272878932308887,0.018679708956971894,0.02171700209146755,0.02231475145343359,0.02171700209146755,0.02112676056338028,0.02382379382679053,6674,8.80612448326845,0.0005993407252022775,0.03432474396725956,0.016183105689199576,0.0,2023,A,4,4,5,3
005930,2023,0.11031096535711514,0.017128752947666734,0.01991386292182417,0.02046198180147728,0.01991386292182417,0.0220112214069918,0.023737591713422528,6951,8.846784666945227,0.00043159257660768235,0.03804352827185674,0.013578673854023827,0.0019059072828931302,2024,B+,3,3,4,2
005930,2024,0.11470910171451838,0.016718713967925028,0.017277468629822133,0.02973245757594041,0.017277468629822133,0.02327611288914751,0.025021821355833578,6874,8.835646922534773,0.0008728542333430317,0.038644239380792575,0.013261643831726976,0.0037205649248874136,2025,A,4,3,5,3
005950,2022,0.05906748339146797,0.03888333456123306,0.011799367109903952,0.03888333456123306,0.011799367109903952,0.010828025477707006,0.01464968152866242,4710,8.45765547870004,0.0,0.02504874700282264,0.014886257872472396,0.006775732000339281,2023,C,1,2,2,0
005950,2023,0.052215838236583705,0.034203747471535775,0.020699159931710263,0.034203747471535775,0.020699159931710263,0.012646993565564677,0.015975149767029066,4507,8.413608875159667,0.0,0.021762721673346325,0.012606443826052683,0.001782959531088421,2024,B,2,3,3,1
005950,2024,0.06587096578162119,0.04729919806981357,0.008663739404668438,0.04729919806981357,0.008663739404668438,0.01090234284388773,0.015309672929714684,4311,8.369157112588834,0.0,0.026574327363414665,0.015611378515300627,0.0018656671088805386,2025,C,1,2,3,0
006400,2022,0.44505951191221893,0.0654170989199876,0.04338955592798387,0.07458551332604703,0.04338955592798387,0.05799832495812395,0.06407035175879397,4776,8.471568013389962,0.00020938023450586265,0.09140474447074685,0.020085898220068926,0.0018687188887549424,2023,A,4,5,5,3
006400,2023,0.3196804256293642,0.05939849289086247,0.03732677455412085,0.06656878432986366,0.03732677455412085,0.06296222266640016,0.06735958424945034,5003,8.517992871586802,0.0005996402158704777,0.07486485842661385,0.018003474084273812,0.0014614587055624092,2024,A+,5,5,5,4
006400,2024,0.3452650239400457,0.0474084018961929,0.028996958606116223,0.05421639282934848,0.028996958606116223,0.0456216577540107,0.050467914438502674,5984,8.697011617992073,0.0011697860962566844,0.07840935991106682,0.018737565441243442,0.00416284234802434,2025,A,4,4,5,3
007070,2022,0.0,0.022124536060157553,0.007731456071647802,0.024453932551941983,0.007731456071647802,0.019419618227959838,0.017764537128985985,9063,9.112065802707843,0.0008827099194527199,0.006653807109304499,0.021873405961062777,0.0,2023,A,4,5,4,4
007070,2023,0.0,0.02295691093592086,0.011231263206734782,0.02295691093592086,0.011231263206734782,0.01938124473335741,0.018297821114722522,8307,9.024974184996003,0.00048152160828217165,0.005781277386949586,0.01903944127688039,0.0,2024,A+,5,5,5,4
007070,2024,0.0,0.021402439138861914,0.0122373548746919,0.021402439138861914,0.0122373548746919,0.02237380627557981,0.019918144611186902,7330,8.899867211223587,0.00027285129604365623,0.0071986800842433465,0.013636265435767545,0.0,2025,A+,5,5,5,4
010130,2022,0.08644990201338287,0.01027364357406873,0.0,0.01027364357406873,0.0,0.021916716477385932,0.023709902370990237,5019,8.521185212685776,0.0,0.01334724187201883,0.006455890257952209,0.0,2023,B,2,4,4,1
010130,2023,0.2357910371667507,0.004492240322119412,0.004349726927746012,0.009087827690305715,0.004349726927746012,0.02280790674100355,0.029903699949315764,5919,8.68609172787805,0.00016894745734076703,0.0648001904978528,0.0069287908731823205,0.0009366789653593343,2024,B+,3,3,4,3
010130,2024,0.21781551921639522,0.005999275116006573,0.0058089520256874435,0.01300775130839678,0.0058089520256874435,0.022114821323960164,0.028119507908611598,6828,8.82893352896109,0.00029291154071470416,0.06269974094149686,0.008202536163516986,0.0016678819195246842,2025,B+,3,4,4,2
010950,2022,0.12776982456336577,0.03998730409382788,0.019753168244955082,0.0458891750922857,0.019753168244955082,0.028115237764665048,0.033148212426240886,5762,8.659213451436667,0.0003471017007983339,0.030555200443379713,0.022530705985875227,0.005160751529807791,2023,A+,5,4,5,5
010950,2023,0.19371745609984453,0.01698435300848171,0.020871543711692364,0.01698435300848171,0.020871543711692364,0.029636202307009762,0.037267080745341616,5635,8.636929873018572,0.000354924578527063,0.041649518001849045,0.018497060446369135,0.004181906225474204,2024,A,4,3,4,4
010950,2024,0.16628095475875065,0.02627491310376208,0.01878092144240549,0.02627491310376208,0.01878092144240549,0.029308909242298085,0.035970024979184015,6005,8.700514248543275,0.00033305578684429644,0.04083588006447957,0.014798262215409152,0.003763020760948265,2025,A,4,3,5,4
011170,2022,0.35025379673832596,0.0413531188456001,0.016832140004768056,0.0413531188456001,0.016832140004768056,0.01562998405103668,0.028708133971291867,6270,8.74369111054302,0.0,0.052539832796192,0.01606966610739935,0.0012082223203392028,2023,B+,3,4,5,2
011170,2023,0.38783111684509464,0.0340733856607246,0.007793096920346315,0.045813226421742986,0.007793096920346315,0.01319691577698695,0.028469750889679714,6744,8.816556768641856,0.0,0.04675307497387589,0.016373966387051006,0.0,2024,A,4,4,5,3
011170,2024,0.3816457333774115,0.042717439409638465,0.0050835037365025,0.058033436370684664,0.0050835037365025,0.015172605790645879,0.029788418708240536,7184,8.879750798513125,0.0,0.05375728852917188,0.01914477544218225,0.0010946919425985418,2025,B+,3,4,5,2
011210,2022,0.10458253165039684,0.019449416834834428,0.010147899170112705,0.02642904247851069,0.010147899170112705,0.02615887670705905,0.02615887670705905,5199,8.556413904569519,0.00019234468166955183,0.023614682346452826,0.011071985466189354,0.003257974713483719,2023,A+,5,5,5,4
011210,2023,0.08788454355013392,0.01650225984785145,0.006188255716774998,0.022812419336268118,0.006188255716774998,0.023229882921390076,0.023229882921390076,5381,8.590815331286851,0.00018583906337112061,0.02254625062746323,0.01101789360960714,0.004231624321552516,2024,A+,5,5,5,4
011210,2024,0.08056395484404724,0.0159762188296164,0.00599099325888351,0.022085229944833477,0.00599099325888351,0.021899153478100848,0.0215311004784689,5434,8.60061479955531,0.0001840264998159735,0.020274353224450196,0.010494340794101768,0.004096733222550248,2025,A+,5,5,5,4
014790,2022,0.23787384132338857,0.027625467845786046,0.0,0.04378662202933158,0.0,0.02167630057803468,0.02716763005780347,3460,8.149312843635345,0.00028901734104046245,0.025297715892189137,0.016905866327447432,0.0,2023,A,4,4,5,3
014790,2023,0.25195514802622887,0.024372983382570913,0.0,0.04048060043517446,0.0,0.021840419336051253,0.027955736750145604,3434,8.14177220465645,0.00029120559114735004,0.025213912030604045,0.017120378226471746,0.0,2024,A+,5,5,5,4
014790,2024,0.25846368259347685,0.02244596110833392,0.0,0.03949059190135959,0.0,0.027969924812030075,0.03127819548872181,3325,8.109525659752872,0.0003007518796992481,0.023641390561276874,0.019181752628128487,0.0,2025,A+,5,5,5,4
018260,2022,0.039042452176628696,0.03376510741841831,0.03716857734994455,0.03376510741841831,0.03716857734994455,0.024752475247524754,0.024537236332328884,4646,8.443977129084978,0.0,0.021105809873881456,0.028375428750195608,0.0012313779039587205,2023,A,4,4,5,3
018260,2023,0.03359763330086541,0.03186195473652017,0.03507358985918065,0.03186195473652017,0.03507358985918065,0.02998696219035202,0.02955236853541938,4602,8.434463543817241,0.0,0.013359585200335644,0.027698441978893804,0.0011619719301731656,2024,A,4,3,5,4
018260,2024,0.036003664266588443,0.036977807359361764,0.03427563858233252,0.036977807359361764,0.03427563858233252,0.02754098360655738,0.02754098360655738,4575,8.428580533059634,0.0,0.013653174553995069,0.030096776487407488,0.0011355361707009806,2025,A,4,4,5,4
024110,2022,0.0236704810019141,0.014517113880746307,0.014337077818872512,0.021282726627551422,0.014337077818872512,0.015834348355663823,0.012876283278232122,5747,8.656607247198915,0.00017400382808421786,0.013269691356053437,0.016253206821429264,0.0,2023,A,4,5,5,4
024110,2023,0.01245770295744427,0.01699687111498048,0.019192922328149436,0.02373612705755057,0.019192922328149436,0.017425139570292673,0.014887497885298596,5911,8.684739462628038,0.0,0.017080659440404544,0.017349492647122523,0.0,2024,B+,3,5,5,2
024110,2024,0.013865737052700543,0.01891794549958587,0.008200264439273693,0.01891794549958587,0.008200264439273693,0.01812346611289409,0.014158957900698509,5297,8.575084669832014,0.0,0.01901120401541217,0.019705500456359083,0.0,2025,B,2,5,5,1
030200,2022,0.06188989611478544,0.03850648277067711,0.015035131449567867,0.07361857669654817,0.015035131449567867,0.011671754354462202,0.01430538097803316,16707,9.723642925617066,0.000299275752678518,0.022597199897081966,0.024841729738697076,0.002695642428905757,2023,A,4,3,4,4
030200,2023,0.059444744537825084,0.03800911017303472,0.018220155113309332,0.060294969426427834,0.018220155113309332,0.015773984696880516,0.017363154796939378,16990,9.740439071085758,0.0002942907592701589,0.021133630146216303,0.023737498540166956,0.0061200012540633215,2024,A+,5,4,5,5
030200,2024,0.05570924970888799,0.029092692074426676,0.019879925888551878,0.04703285574866132,0.019879925888551878,0.011585365853658536,0.013821138211382113,14760,9.599743846536997,0.0004742547425474255,0.023472292772222875,0.022572034358320447,0.0031385732915486255,2025,A,4,4,4,4
035420,2022,0.0510342350522523,0.055585594501390265,0.026039689482501575,0.06761024754463922,0.026039689482501575,0.0183206106870229,0.01959287531806616,7860,8.969669103793757,0.0005089058524173028,0.021791699884533,0.011135546911631872,0.006761935955865872,2023,A+,5,4,5,5
035420,2023,0.059001045442772126,0.0633641345116617,0.022106976038195558,0.06964008244507183,0.022106976038195558,0.017652909000497267,0.01914470412729985,8044,8.992806059426483,0.0004972650422675286,0.01864770120963281,0.011803729406344669,0.006076951852775441,2024,A,4,4,5,4
035420,2024,0.020831733805817675,0.02317174499731816,0.0159047889741137,0.025486428235389394,0.0159047889741137,0.017854632363278503,0.015324054548010684,7113,8.8698199525084,0.00042176296921130323,0.013247628316311133,0.011485271927830831,0.00369281306446629,2025,A,4,4,5,4
035720,2022,0.1590760165620332,0.04533539024899289,0.007166236996825448,0.0706315998011545,0.007166236996825448,0.02455722577764548,0.03006399761869326,6719,8.812843433517195,0.0,0.04544309667376046,0.019276233955593768,0.0010287946143452238,2023,A,4,5,5,3
035720,2023,0.1861047825045812,0.02769843837201354,0.01391053619410216,0.08566123144288518,0.01391053619410216,0.025006220452848966,0.031102264244837023,8038,8.99205997632796,0.0002488181139586962,0.05454737457791612,0.02282540161302371,0.0008558636876241154,2024,A,4,5,4,3
035720,2024,0.07068252138300499,0.03321932570396974,0.012132495874047773,0.05335649157177752,0.012132495874047773,0.027615507169410514,0.02628783855549655,7532,8.927048647825695,0.0,0.028076534682260488,0.01679813031580997,0.0026126361197617255,2025,A,4,4,5,4
035760,2022,0.0,0.02005775052883593,0.0020090346415525995,0.027329426070006692,0.0020090346415525995,0.019545198271001693,0.01635031009208795,5321,8.579604451537634,0.00018793459875963165,0.008607568527668419,0.0064576360407848634,0.0025957774186928383,2023,B+,3,3,5,2
035760,2023,0.0,0.021207960867331718,0.0017107362711457517,0.027399949219842436,0.0017107362711457517,0.01865974363134837,0.015901346746714264,6163,8.726481196440007,0.00032451728054518905,0.008843749796628313,0.005990702433657321,0.003683933973505413,2024,A,4,3,5,3
035760,2024,0.0,0.024787445061694682,0.0016736759521068095,0.03539710979472874,0.0016736759521068095,0.01876172607879925,0.016260162601626018,6396,8.763584409450138,0.00031269543464665416,0.007721803282312055,0.006728744770697642,0.003604127535377419,2025,B+,3,3,5,2
036570,2022,0.0,0.0,0.04840176911143443,0.006753310991438404,0.04840176911143443,0.04110066179031696,0.03587600139324277,2871,7.962763930168115,0.0010449320794148381,0.0011843951185654218,0.0048075917520663414,0.006304669495371162,2023,A,4,3,4,4
036570,2023,0.03924920016077034,0.026673346552036212,0.03722374456049839,0.0338977890690142,0.03722374456049839,0.03885542168674699,0.03674698795180723,3320,8.108021221376747,0.0006024096385542169,0.01686725906592,0.01581107318681839,0.0033722512124495212,2024,A,4,3,5,4
036570,2024,0.025769564933825408,0.028596950872193334,0.03224354594663129,0.03561899487522724,0.03224354594663129,0.03679218166139695,0.03506754814601897,3479,8.15478757276852,0.0005748778384593274,0.009510145955900901,0.014202042621759756,0.004709017615924974,2025,A,4,3,4,4
042670,2022,0.0874930545560494,0.09985163608748515,0.007589178924027797,0.1102646184419284,0.007589178924027797,0.039289761994710994,0.03702304495655459,5294,8.574518258035507,0.00018889308651303362,0.03037565213172109,0.03444401304000661,0.0016342690887422757,2023,A,4,5,5,3
042670,2023,0.09402906772173389,0.09904700524913736,0.007528023317176632,0.09904700524913736,0.007528023317176632,0.04228804902962206,0.03983656792645557,4895,8.496173824192162,0.00020429009193054137,0.028108722303082985,0.03386412958236749,0.0016210997170776164,2024,A+,5,5,5,4
042670,2024,0.09467018643249317,0.09981335898530366,0.008085261448607096,0.09981335898530366,0.008085261448607096,0.04704386522568341,0.04174613265522356,4719,8.459564078579602,0.00021190930281839374,0.031854634605369775,0.03501599089352269,0.0017410964996520848,2025,A,4,4,5,4
051500,2022,0.0,0.048914961938913905,0.031575444449208664,0.05684271932002829,0.031575444449208664,0.038654812524159254,0.0363355237727097,2587,7.858640655620791,0.0,0.005850707215444058,0.022479474749312275,0.0,2023,A,4,3,5,4
051500,2023,0.0,0.0511964427924259,0.02974336142113952,0.06613198255497078,0.02974336142113952,0.04114285714285714,0.038476190476190476,2625,7.873217054862741,0.0,0.0075532314219087055,0.023371943375915475,0.0,2024,A,4,4,4,3
051500,2024,0.0,0.05460935042201011,0.03172614263770298,0.06257494412489276,0.03172614263770298,0.043478260869565216,0.040711462450592886,2530,7.836369760545124,0.0,0.008056752364806345,0.023275752817675466,0.0,2025,A,4,4,5,3
051910,2022,0.2236340157374262,0.02497333134807429,0.033248969460713304,0.029526750528785818,0.033248969460713304,0.022395326192794548,0.029373580006491398,6162,8.726318950962243,0.0,0.039002469549587394,0.02049144999779379,0.0026036000404419403,2023,A,4,3,5,4
051910,2023,0.23193363385252608,0.01769433365240952,0.03141048617218898,0.021995974050044,0.03141048617218898,0.021057707764025078,0.028773509082141133,6221,8.735846677457582,0.0,0.04127836726608327,0.01835671194062264,0.0012298177115661157,2024,B+,3,3,4,3
051910,2024,0.24426672848993683,0.021001283450922056,0.03195504939080134,0.02537750133606843,0.03195504939080134,0.019870682857593438,0.0287020974609683,6341,8.754949455098293,0.0,0.04301876122094952,0.020466526269149403,0.001251139046347299,2025,B+,3,2,5,3
055550,2022,0.03157779944826637,0.03101897053070257,0.008935394776893292,0.03101897053070257,0.008935394776893292,0.011733246016153678,0.010587208033180528,18324,9.816021526754852,0.00016371971185330714,0.017396537699166853,0.034960857559161,0.0029545019008591863,2023,A+,5,5,5,5
055550,2023,0.02029232275046242,0.021252766472898203,0.00881082459827859,0.021252766472898203,0.00881082459827859,0.010433945101396544,0.008828722778104767,18689,9.835743900449609,0.00021402964310557012,0.016292830527145006,0.03440248477111434,0.004767358435468451,2024,A+,5,5,4,5
055550,2024,0.032867783585588936,0.01620997852537588,0.011509981978635925,0.01793145600705502,0.011509981978635925,0.011628544786352916,0.010805770391092095,18231,9.81093357092552,0.0002742581317536065,0.02524832260725913,0.033676398140524075,0.012670926987657913,2025,A+,5,5,3,5
057050,2022,0.029975500538758602,0.0,0.015034377677062668,0.0,0.015034377677062668,0.02598690735965086,0.02281293394167824,5041,8.525558107747866,0.00019837333862328903,0.010180517294596628,0.019086846379205866,0.0,2023,A,4,4,5,4
057050,2023,0.019340621180044468,0.010018216648872107,0.007760316207665983,0.059702665491666126,0.007760316207665983,0.01806612884899443,0.01590728326326554,8801,9.082734247371036,0.00011362345188046812,0.01084623822548062,0.02223324062062091,0.0,2024,A+,5,4,5,5
057050,2024,0.021447357061987853,0.011393015992204287,0.00735438666026242,0.06124828935273478,0.00735438666026242,0.01771837115324837,0.01564604704175733,9651,9.174920426744922,0.00010361620557455187,0.012550970418808456,0.02472245528100564,0.0,2025,A,4,4,5,4
064350,2022,0.13305039394083848,0.045030691535744655,0.01581762705250923,0.045030691535744655,0.01581762705250923,0.020897239263803682,0.028182515337423313,5216,8.559677803022392,0.0,0.030664117802610337,0.008289427272919023,0.0009731999133407449,2023,A,4,4,5,4
064350,2023,0.14903231541341877,0.035930992752931705,0.016008781488866374,0.035930992752931705,0.016008781488866374,0.02089378990133488,0.028825691623137938,5169,8.550627967502475,0.0,0.04105824279304981,0.008021682380227341,0.0009849609366775513,2024,A+,5,5,5,4
064350,2024,0.163072446148899,0.03277094376384844,0.014600845612777358,0.03277094376384844,0.014600845612777358,0.019179064348449543,0.02814124395052877,5579,8.626944055375356,0.0005377307761247536,0.041615461438004875,0.007678230452688745,0.0008983358652903874,2025,A+,5,5,5,4
068270,2022,0.0,0.023015118073112534,0.0,0.031967386170184096,0.0,0.016001174398120963,0.014533176746917205,6812,8.826587830773668,0.0005871990604815032,0.003976792572161529,0.004780365497196093,0.001919556874835694,2023,B,2,3,5,1
068270,2023,0.0,0.0205487428684037,0.002730740372303416,0.02671929177691802,0.002730740372303416,0.015159645827743493,0.01314730346122887,7454,8.916640227198839,0.0004024684733029246,0.0030923622012901737,0.0043415391950684615,0.000588043136749179,2024,A,4,4,5,4
068270,2024,0.00431549592834987,0.025052144063328213,0.0041412532433667765,0.03129069776349397,0.0041412532433667765,0.014506254990684057,0.013308490817141336,7514,8.924656302187074,0.00013308490817141337,0.009388804196497316,0.005253010916578675,0.0005945238812647129,2025,A,4,4,5,3
086790,2022,0.041192894629009366,0.028347174010936674,0.004182660930321919,0.04365106038145189,0.004182660930321919,0.010843122263154236,0.010495586293181345,14387,9.574149804815514,0.0,0.01878298046101275,0.023097395679029645,0.0024018736978157875,2023,A,4,5,5,4
086790,2023,0.03746228908094329,0.021848722825209596,0.010845211805881607,0.03877146107415359,0.010845211805881607,0.011593220338983051,0.010711864406779662,14750,9.599066156080049,0.0,0.015809253442908306,0.023934269680107107,0.0023354297734501815,2024,A,4,5,5,4
086790,2024,0.036794992362734674,0.035578141570770105,0.01726533792490806,0.05433409161675462,0.01726533792490806,0.011532787984444147,0.011465736891511332,14914,9.61012269694885,0.0,0.016704493909926628,0.025185822472511613,0.002354927212726319,2025,A,4,4,3,5
096770,2022,0.18948665790145489,0.041268872618883394,0.00266484924210392,0.07137715890819689,0.00266484924210392,0.010828928709552663,0.017081345881139617,15514,9.64956257688248,6.44579089854325e-05,0.0354567276303081,0.013804298885164525,0.0022954160317608424,2023,A+,5,4,5,5
096770,2023,0.15916348199575925,0.03353911504113882,0.0,0.06664516862407423,0.0,0.010826542491268918,0.015657741559953434,17180,9.751559401061966,5.820721769499418e-05,0.03552038249036902,0.013798176519670136,0.0026291269332934905,2024,A+,5,4,5,5
096770,2024,0.5163861797297328,0.044864441031644435,0.0,0.07924790743063005,0.0,0.00953035959913539,0.026478679504814306,20356,9.921180112067047,4.912556494399686e-05,0.059705804819114555,0.014294465987961764,0.002632738238449399,2025,A,4,3,5,5
097950,2022,0.31670138724091246,0.0293541934341731,0.009946600786617136,0.05861760958431214,0.009946600786617136,0.018018018018018018,0.028665028665028666,6105,8.717027173294824,0.0003276003276003276,0.1204688579504273,0.015500048506283726,0.00877085864938677,2023,A,4,4,5,4
097950,2023,0.22562999366509665,0.024607636527537814,0.00689229367434559,0.03812596051568304,0.00689229367434559,0.017090069284064664,0.02274826789838337,8660,9.066585468331045,0.00023094688221709007,0.07833644369852635,0.015227258298616353,0.0031789707265896597,2024,A,4,4,4,3
097950,2024,0.22040536284763168,0.03055024281428285,0.008005930717853445,0.04232717481807579,0.008005930717853445,0.015055668016194332,0.021002024291497976,7904,8.975250749643573,0.00025303643724696357,0.08897963931638062,0.015328911037738632,0.010426552908995227,2025,A,4,4,4,4
105560,2022,0.0182351473822834,0.017411609749788504,0.012757011031704573,0.029641045357488748,0.012757011031704573,0.00973209988770654,0.008234853751136303,18701,9.836385748995392,0.00026736538153039944,0.01641017267885344,0.029198322288273734,0.0034963351471865847,2023,A+,5,5,5,5
105560,2023,0.013908928630720328,0.01647244086271399,0.014356003600592308,0.029087883154220173,0.014356003600592308,0.010331890331890333,0.009004329004329004,17325,9.759963542450086,0.00040404040404040404,0.01441162842760123,0.03396296006621025,0.0025762089633570404,2024,A,4,5,5,4
105560,2024,0.014191054404646089,0.020884448121139987,0.020852452084925574,0.02801146229660601,0.020852452084925574,0.010036347854391581,0.008788585688710465,18433,9.82195206455361,0.00027125264471328594,0.01487072771411263,0.033094247902844445,0.0055108481275284345,2025,A+,5,5,4,5
138930,2022,0.0015112690329858517,0.018851316204981913,0.03016343136726598,0.025293632421751,0.03016343136726598,0.020048392671966817,0.015727618389215346,11572,9.356430077848078,0.00025924645696508814,0.0062442927445105646,0.014547881210840151,0.00054128784316235,2023,A,4,4,5,4
138930,2023,0.0202013061709541,0.0218033094653169,0.03965483567078724,0.02874340769998931,0.03965483567078724,0.02062818336162988,0.01731748726655348,11780,9.37424334324612,0.00016977928692699492,0.00826272878009035,0.01399824913295598,0.005924789567680689,2024,A,4,5,5,4
138930,2024,0.002161733029837976,0.0185022044645285,0.03586574188272185,0.023185725352642714,0.03586574188272185,0.021524748719893797,0.01630950123269486,10546,9.263596738276615,9.482268158543523e-05,0.007481703861101056,0.01356379177573358,0.0015332569652206462,2025,A,4,5,5,4
282330,2022,0.0,0.019774864891561963,0.026200771910113475,0.04053615722559171,0.026200771910113475,0.039429928741092635,0.0342042755344418,4210,8.345455428161928,0.0009501187648456057,0.015110243285143456,0.014913943779001642,0.011028141393854832,2023,A,4,4,5,4
282330,2023,0.0,0.00888914460397699,0.025489305182747914,0.02908667611586583,0.025489305182747914,0.03788968824940048,0.03333333333333333,4170,8.335911094196945,0.00047961630695443646,0.01469993341424883,0.011784081292392364,0.01210090821703865,2024,A,4,4,5,4
282330,2024,0.0,0.019985003265199384,0.019410877586036466,0.03902120273595124,0.019410877586036466,0.027883880825057297,0.02559205500381971,5236,8.563504094279487,0.0005729564553093965,0.013992267318903417,0.011988548931601402,0.009215207962584309,2025,A+,5,5,5,4
316140,2022,0.029210916622672188,0.01433919500839104,0.022557874484199374,0.01612772696212786,0.022557874484199374,0.013019686772753003,0.01151015787156425,15899,9.674074388208323,0.00025158815019812566,0.010222307929720894,0.029227356254485984,0.0015339973157335908,2023,A,4,5,5,4
316140,2023,0.024530454382980117,0.01657814852683625,0.02239694448219652,0.01826513230518423,0.02239694448219652,0.012658969700521596,0.011662661900017583,17063,9.744726260151186,0.000117212682412237,0.014843004191116622,0.031011262393884607,0.001446900952630515,2024,A,4,5,4,3
316140,2024,0.019287582798656843,0.015705342735695186,0.0329944328174122,0.015705342735695186,0.0329944328174122,0.012867859203693018,0.011482977495672245,17330,9.760252084449375,5.770340450086555e-05,0.011435393039012129,0.03129926819863051,0.01819656451908645,2025,A,4,5,4,3
